event_id,sport_key,commence_time_utc,home_team,away_team,book,book_title,market,runner,price_american,point,last_update
e10fe83ee6178a598e7fa84ea0913366,americanfootball_nfl,2025-10-10T00:15:00Z,New York Giants,Philadelphia Eagles,draftkings,DraftKings,h2h,New York Giants,295,,2025-10-07T15:42:27Z
e10fe83ee6178a598e7fa84ea0913366,americanfootball_nfl,2025-10-10T00:15:00Z,New York Giants,Philadelphia Eagles,draftkings,DraftKings,h2h,Philadelphia Eagles,-375,,2025-10-07T15:42:27Z
e10fe83ee6178a598e7fa84ea0913366,americanfootball_nfl,2025-10-10T00:15:00Z,New York Giants,Philadelphia Eagles,draftkings,DraftKings,spreads,New York Giants,100,7.0,2025-10-07T15:42:27Z
e10fe83ee6178a598e7fa84ea0913366,americanfootball_nfl,2025-10-10T00:15:00Z,New York Giants,Philadelphia Eagles,draftkings,DraftKings,spreads,Philadelphia Eagles,-120,-7.0,2025-10-07T15:42:27Z
e10fe83ee6178a598e7fa84ea0913366,americanfootball_nfl,2025-10-10T00:15:00Z,New York Giants,Philadelphia Eagles,draftkings,DraftKings,totals,Over,-105,41.5,2025-10-07T15:42:27Z
e10fe83ee6178a598e7fa84ea0913366,americanfootball_nfl,2025-10-10T00:15:00Z,New York Giants,Philadelphia Eagles,draftkings,DraftKings,totals,Under,-115,41.5,2025-10-07T15:42:27Z
e10fe83ee6178a598e7fa84ea0913366,americanfootball_nfl,2025-10-10T00:15:00Z,New York Giants,Philadelphia Eagles,betmgm,BetMGM,h2h,New York Giants,310,,2025-10-07T15:41:07Z
e10fe83ee6178a598e7fa84ea0913366,americanfootball_nfl,2025-10-10T00:15:00Z,New York Giants,Philadelphia Eagles,betmgm,BetMGM,h2h,Philadelphia Eagles,-400,,2025-10-07T15:41:07Z
e10fe83ee6178a598e7fa84ea0913366,americanfootball_nfl,2025-10-10T00:15:00Z,New York Giants,Philadelphia Eagles,betmgm,BetMGM,spreads,New York Giants,-115,7.5,2025-10-07T15:41:07Z
e10fe83ee6178a598e7fa84ea0913366,americanfootball_nfl,2025-10-10T00:15:00Z,New York Giants,Philadelphia Eagles,betmgm,BetMGM,spreads,Philadelphia Eagles,-105,-7.5,2025-10-07T15:41:07Z
e10fe83ee6178a598e7fa84ea0913366,americanfootball_nfl,2025-10-10T00:15:00Z,New York Giants,Philadelphia Eagles,betmgm,BetMGM,totals,Over,-118,41.0,2025-10-07T15:41:07Z
e10fe83ee6178a598e7fa84ea0913366,americanfootball_nfl,2025-10-10T00:15:00Z,New York Giants,Philadelphia Eagles,betmgm,BetMGM,totals,Under,-110,41.0,2025-10-07T15:41:07Z
e10fe83ee6178a598e7fa84ea0913366,americanfootball_nfl,2025-10-10T00:15:00Z,New York Giants,Philadelphia Eagles,espnbet,ESPN BET,h2h,New York Giants,290,,2025-10-07T15:42:28Z
e10fe83ee6178a598e7fa84ea0913366,americanfootball_nfl,2025-10-10T00:15:00Z,New York Giants,Philadelphia Eagles,espnbet,ESPN BET,h2h,Philadelphia Eagles,-380,,2025-10-07T15:42:28Z
e10fe83ee6178a598e7fa84ea0913366,americanfootball_nfl,2025-10-10T00:15:00Z,New York Giants,Philadelphia Eagles,espnbet,ESPN BET,spreads,New York Giants,105,6.5,2025-10-07T15:42:28Z
e10fe83ee6178a598e7fa84ea0913366,americanfootball_nfl,2025-10-10T00:15:00Z,New York Giants,Philadelphia Eagles,espnbet,ESPN BET,spreads,Philadelphia Eagles,-125,-6.5,2025-10-07T15:42:28Z
e10fe83ee6178a598e7fa84ea0913366,americanfootball_nfl,2025-10-10T00:15:00Z,New York Giants,Philadelphia Eagles,espnbet,ESPN BET,totals,Over,100,41.5,2025-10-07T15:42:28Z
e10fe83ee6178a598e7fa84ea0913366,americanfootball_nfl,2025-10-10T00:15:00Z,New York Giants,Philadelphia Eagles,espnbet,ESPN BET,totals,Under,-120,41.5,2025-10-07T15:42:28Z
e10fe83ee6178a598e7fa84ea0913366,americanfootball_nfl,2025-10-10T00:15:00Z,New York Giants,Philadelphia Eagles,fanduel,FanDuel,h2h,New York Giants,300,,2025-10-07T15:42:19Z
e10fe83ee6178a598e7fa84ea0913366,americanfootball_nfl,2025-10-10T00:15:00Z,New York Giants,Philadelphia Eagles,fanduel,FanDuel,h2h,Philadelphia Eagles,-375,,2025-10-07T15:42:19Z
e10fe83ee6178a598e7fa84ea0913366,americanfootball_nfl,2025-10-10T00:15:00Z,New York Giants,Philadelphia Eagles,fanduel,FanDuel,spreads,New York Giants,-114,7.5,2025-10-07T15:42:19Z
e10fe83ee6178a598e7fa84ea0913366,americanfootball_nfl,2025-10-10T00:15:00Z,New York Giants,Philadelphia Eagles,fanduel,FanDuel,spreads,Philadelphia Eagles,-106,-7.5,2025-10-07T15:42:19Z
e10fe83ee6178a598e7fa84ea0913366,americanfootball_nfl,2025-10-10T00:15:00Z,New York Giants,Philadelphia Eagles,fanduel,FanDuel,totals,Over,-105,41.5,2025-10-07T15:42:19Z
e10fe83ee6178a598e7fa84ea0913366,americanfootball_nfl,2025-10-10T00:15:00Z,New York Giants,Philadelphia Eagles,fanduel,FanDuel,totals,Under,-115,41.5,2025-10-07T15:42:19Z
e10fe83ee6178a598e7fa84ea0913366,americanfootball_nfl,2025-10-10T00:15:00Z,New York Giants,Philadelphia Eagles,betway,Betway,h2h,New York Giants,300,,2025-10-07T15:42:12Z
e10fe83ee6178a598e7fa84ea0913366,americanfootball_nfl,2025-10-10T00:15:00Z,New York Giants,Philadelphia Eagles,betway,Betway,h2h,Philadelphia Eagles,-400,,2025-10-07T15:42:12Z
e34812ee7fbf13bd75e4298bccfbdd10,americanfootball_nfl,2025-10-12T13:31:00Z,New York Jets,Denver Broncos,draftkings,DraftKings,h2h,Denver Broncos,-395,,2025-10-07T15:42:27Z
e34812ee7fbf13bd75e4298bccfbdd10,americanfootball_nfl,2025-10-12T13:31:00Z,New York Jets,Denver Broncos,draftkings,DraftKings,h2h,New York Jets,310,,2025-10-07T15:42:27Z
e34812ee7fbf13bd75e4298bccfbdd10,americanfootball_nfl,2025-10-12T13:31:00Z,New York Jets,Denver Broncos,draftkings,DraftKings,spreads,Denver Broncos,-110,-7.5,2025-10-07T15:42:27Z
e34812ee7fbf13bd75e4298bccfbdd10,americanfootball_nfl,2025-10-12T13:31:00Z,New York Jets,Denver Broncos,draftkings,DraftKings,spreads,New York Jets,-110,7.5,2025-10-07T15:42:27Z
e34812ee7fbf13bd75e4298bccfbdd10,americanfootball_nfl,2025-10-12T13:31:00Z,New York Jets,Denver Broncos,draftkings,DraftKings,totals,Over,-115,43.5,2025-10-07T15:42:27Z
e34812ee7fbf13bd75e4298bccfbdd10,americanfootball_nfl,2025-10-12T13:31:00Z,New York Jets,Denver Broncos,draftkings,DraftKings,totals,Under,-105,43.5,2025-10-07T15:42:27Z
e34812ee7fbf13bd75e4298bccfbdd10,americanfootball_nfl,2025-10-12T13:31:00Z,New York Jets,Denver Broncos,fanduel,FanDuel,h2h,Denver Broncos,-400,,2025-10-07T15:42:19Z
e34812ee7fbf13bd75e4298bccfbdd10,americanfootball_nfl,2025-10-12T13:31:00Z,New York Jets,Denver Broncos,fanduel,FanDuel,h2h,New York Jets,310,,2025-10-07T15:42:19Z
e34812ee7fbf13bd75e4298bccfbdd10,americanfootball_nfl,2025-10-12T13:31:00Z,New York Jets,Denver Broncos,fanduel,FanDuel,spreads,Denver Broncos,-118,-7.0,2025-10-07T15:42:19Z
e34812ee7fbf13bd75e4298bccfbdd10,americanfootball_nfl,2025-10-12T13:31:00Z,New York Jets,Denver Broncos,fanduel,FanDuel,spreads,New York Jets,-104,7.0,2025-10-07T15:42:19Z
e34812ee7fbf13bd75e4298bccfbdd10,americanfootball_nfl,2025-10-12T13:31:00Z,New York Jets,Denver Broncos,fanduel,FanDuel,totals,Over,-112,43.5,2025-10-07T15:42:19Z
e34812ee7fbf13bd75e4298bccfbdd10,americanfootball_nfl,2025-10-12T13:31:00Z,New York Jets,Denver Broncos,fanduel,FanDuel,totals,Under,-108,43.5,2025-10-07T15:42:19Z
e34812ee7fbf13bd75e4298bccfbdd10,americanfootball_nfl,2025-10-12T13:31:00Z,New York Jets,Denver Broncos,espnbet,ESPN BET,h2h,Denver Broncos,-400,,2025-10-07T15:42:28Z
e34812ee7fbf13bd75e4298bccfbdd10,americanfootball_nfl,2025-10-12T13:31:00Z,New York Jets,Denver Broncos,espnbet,ESPN BET,h2h,New York Jets,300,,2025-10-07T15:42:28Z
e34812ee7fbf13bd75e4298bccfbdd10,americanfootball_nfl,2025-10-12T13:31:00Z,New York Jets,Denver Broncos,espnbet,ESPN BET,spreads,Denver Broncos,105,-7.5,2025-10-07T15:42:28Z
e34812ee7fbf13bd75e4298bccfbdd10,americanfootball_nfl,2025-10-12T13:31:00Z,New York Jets,Denver Broncos,espnbet,ESPN BET,spreads,New York Jets,-125,7.5,2025-10-07T15:42:28Z
e34812ee7fbf13bd75e4298bccfbdd10,americanfootball_nfl,2025-10-12T13:31:00Z,New York Jets,Denver Broncos,espnbet,ESPN BET,totals,Over,-105,43.5,2025-10-07T15:42:28Z
e34812ee7fbf13bd75e4298bccfbdd10,americanfootball_nfl,2025-10-12T13:31:00Z,New York Jets,Denver Broncos,espnbet,ESPN BET,totals,Under,-115,43.5,2025-10-07T15:42:28Z
e34812ee7fbf13bd75e4298bccfbdd10,americanfootball_nfl,2025-10-12T13:31:00Z,New York Jets,Denver Broncos,betmgm,BetMGM,h2h,Denver Broncos,-375,,2025-10-07T15:41:07Z
e34812ee7fbf13bd75e4298bccfbdd10,americanfootball_nfl,2025-10-12T13:31:00Z,New York Jets,Denver Broncos,betmgm,BetMGM,h2h,New York Jets,300,,2025-10-07T15:41:07Z
e34812ee7fbf13bd75e4298bccfbdd10,americanfootball_nfl,2025-10-12T13:31:00Z,New York Jets,Denver Broncos,betmgm,BetMGM,spreads,Denver Broncos,-105,-7.5,2025-10-07T15:41:07Z
e34812ee7fbf13bd75e4298bccfbdd10,americanfootball_nfl,2025-10-12T13:31:00Z,New York Jets,Denver Broncos,betmgm,BetMGM,spreads,New York Jets,-115,7.5,2025-10-07T15:41:07Z
e34812ee7fbf13bd75e4298bccfbdd10,americanfootball_nfl,2025-10-12T13:31:00Z,New York Jets,Denver Broncos,betmgm,BetMGM,totals,Over,-115,43.5,2025-10-07T15:41:07Z
e34812ee7fbf13bd75e4298bccfbdd10,americanfootball_nfl,2025-10-12T13:31:00Z,New York Jets,Denver Broncos,betmgm,BetMGM,totals,Under,-105,43.5,2025-10-07T15:41:07Z
e34812ee7fbf13bd75e4298bccfbdd10,americanfootball_nfl,2025-10-12T13:31:00Z,New York Jets,Denver Broncos,betway,Betway,h2h,Denver Broncos,-400,,2025-10-07T15:42:12Z
e34812ee7fbf13bd75e4298bccfbdd10,americanfootball_nfl,2025-10-12T13:31:00Z,New York Jets,Denver Broncos,betway,Betway,h2h,New York Jets,300,,2025-10-07T15:42:12Z
e5dd1fed586cfc0ec2d7c06f2a02c37a,americanfootball_nfl,2025-10-12T17:00:00Z,Jacksonville Jaguars,Seattle Seahawks,draftkings,DraftKings,h2h,Jacksonville Jaguars,-110,,2025-10-07T15:42:27Z
e5dd1fed586cfc0ec2d7c06f2a02c37a,americanfootball_nfl,2025-10-12T17:00:00Z,Jacksonville Jaguars,Seattle Seahawks,draftkings,DraftKings,h2h,Seattle Seahawks,-110,,2025-10-07T15:42:27Z
e5dd1fed586cfc0ec2d7c06f2a02c37a,americanfootball_nfl,2025-10-12T17:00:00Z,Jacksonville Jaguars,Seattle Seahawks,draftkings,DraftKings,spreads,Jacksonville Jaguars,-102,-1.5,2025-10-07T15:42:27Z
e5dd1fed586cfc0ec2d7c06f2a02c37a,americanfootball_nfl,2025-10-12T17:00:00Z,Jacksonville Jaguars,Seattle Seahawks,draftkings,DraftKings,spreads,Seattle Seahawks,-118,1.5,2025-10-07T15:42:27Z
e5dd1fed586cfc0ec2d7c06f2a02c37a,americanfootball_nfl,2025-10-12T17:00:00Z,Jacksonville Jaguars,Seattle Seahawks,draftkings,DraftKings,totals,Over,-115,46.5,2025-10-07T15:42:27Z
e5dd1fed586cfc0ec2d7c06f2a02c37a,americanfootball_nfl,2025-10-12T17:00:00Z,Jacksonville Jaguars,Seattle Seahawks,draftkings,DraftKings,totals,Under,-105,46.5,2025-10-07T15:42:27Z
e5dd1fed586cfc0ec2d7c06f2a02c37a,americanfootball_nfl,2025-10-12T17:00:00Z,Jacksonville Jaguars,Seattle Seahawks,espnbet,ESPN BET,h2h,Jacksonville Jaguars,-125,,2025-10-07T15:42:28Z
e5dd1fed586cfc0ec2d7c06f2a02c37a,americanfootball_nfl,2025-10-12T17:00:00Z,Jacksonville Jaguars,Seattle Seahawks,espnbet,ESPN BET,h2h,Seattle Seahawks,105,,2025-10-07T15:42:28Z
e5dd1fed586cfc0ec2d7c06f2a02c37a,americanfootball_nfl,2025-10-12T17:00:00Z,Jacksonville Jaguars,Seattle Seahawks,espnbet,ESPN BET,spreads,Jacksonville Jaguars,-105,-1.5,2025-10-07T15:42:28Z
e5dd1fed586cfc0ec2d7c06f2a02c37a,americanfootball_nfl,2025-10-12T17:00:00Z,Jacksonville Jaguars,Seattle Seahawks,espnbet,ESPN BET,spreads,Seattle Seahawks,-115,1.5,2025-10-07T15:42:28Z
e5dd1fed586cfc0ec2d7c06f2a02c37a,americanfootball_nfl,2025-10-12T17:00:00Z,Jacksonville Jaguars,Seattle Seahawks,espnbet,ESPN BET,totals,Over,100,46.5,2025-10-07T15:42:28Z
e5dd1fed586cfc0ec2d7c06f2a02c37a,americanfootball_nfl,2025-10-12T17:00:00Z,Jacksonville Jaguars,Seattle Seahawks,espnbet,ESPN BET,totals,Under,-120,46.5,2025-10-07T15:42:28Z
e5dd1fed586cfc0ec2d7c06f2a02c37a,americanfootball_nfl,2025-10-12T17:00:00Z,Jacksonville Jaguars,Seattle Seahawks,fanduel,FanDuel,h2h,Jacksonville Jaguars,-118,,2025-10-07T15:42:19Z
e5dd1fed586cfc0ec2d7c06f2a02c37a,americanfootball_nfl,2025-10-12T17:00:00Z,Jacksonville Jaguars,Seattle Seahawks,fanduel,FanDuel,h2h,Seattle Seahawks,100,,2025-10-07T15:42:19Z
e5dd1fed586cfc0ec2d7c06f2a02c37a,americanfootball_nfl,2025-10-12T17:00:00Z,Jacksonville Jaguars,Seattle Seahawks,fanduel,FanDuel,spreads,Jacksonville Jaguars,-105,-1.5,2025-10-07T15:42:19Z
e5dd1fed586cfc0ec2d7c06f2a02c37a,americanfootball_nfl,2025-10-12T17:00:00Z,Jacksonville Jaguars,Seattle Seahawks,fanduel,FanDuel,spreads,Seattle Seahawks,-115,1.5,2025-10-07T15:42:19Z
e5dd1fed586cfc0ec2d7c06f2a02c37a,americanfootball_nfl,2025-10-12T17:00:00Z,Jacksonville Jaguars,Seattle Seahawks,fanduel,FanDuel,totals,Over,-110,46.5,2025-10-07T15:42:19Z
e5dd1fed586cfc0ec2d7c06f2a02c37a,americanfootball_nfl,2025-10-12T17:00:00Z,Jacksonville Jaguars,Seattle Seahawks,fanduel,FanDuel,totals,Under,-110,46.5,2025-10-07T15:42:19Z
e5dd1fed586cfc0ec2d7c06f2a02c37a,americanfootball_nfl,2025-10-12T17:00:00Z,Jacksonville Jaguars,Seattle Seahawks,betmgm,BetMGM,h2h,Jacksonville Jaguars,-120,,2025-10-07T15:41:07Z
e5dd1fed586cfc0ec2d7c06f2a02c37a,americanfootball_nfl,2025-10-12T17:00:00Z,Jacksonville Jaguars,Seattle Seahawks,betmgm,BetMGM,h2h,Seattle Seahawks,100,,2025-10-07T15:41:07Z
e5dd1fed586cfc0ec2d7c06f2a02c37a,americanfootball_nfl,2025-10-12T17:00:00Z,Jacksonville Jaguars,Seattle Seahawks,betmgm,BetMGM,spreads,Jacksonville Jaguars,-110,-1.5,2025-10-07T15:41:07Z
e5dd1fed586cfc0ec2d7c06f2a02c37a,americanfootball_nfl,2025-10-12T17:00:00Z,Jacksonville Jaguars,Seattle Seahawks,betmgm,BetMGM,spreads,Seattle Seahawks,-110,1.5,2025-10-07T15:41:07Z
e5dd1fed586cfc0ec2d7c06f2a02c37a,americanfootball_nfl,2025-10-12T17:00:00Z,Jacksonville Jaguars,Seattle Seahawks,betmgm,BetMGM,totals,Over,-115,46.5,2025-10-07T15:41:07Z
e5dd1fed586cfc0ec2d7c06f2a02c37a,americanfootball_nfl,2025-10-12T17:00:00Z,Jacksonville Jaguars,Seattle Seahawks,betmgm,BetMGM,totals,Under,-105,46.5,2025-10-07T15:41:07Z
e5dd1fed586cfc0ec2d7c06f2a02c37a,americanfootball_nfl,2025-10-12T17:00:00Z,Jacksonville Jaguars,Seattle Seahawks,betway,Betway,h2h,Jacksonville Jaguars,-115,,2025-10-07T15:42:12Z
e5dd1fed586cfc0ec2d7c06f2a02c37a,americanfootball_nfl,2025-10-12T17:00:00Z,Jacksonville Jaguars,Seattle Seahawks,betway,Betway,h2h,Seattle Seahawks,-105,,2025-10-07T15:42:12Z
dfa87b0532de1389297103c2e3195347,americanfootball_nfl,2025-10-12T17:01:00Z,Indianapolis Colts,Arizona Cardinals,draftkings,DraftKings,h2h,Arizona Cardinals,240,,2025-10-07T15:42:27Z
dfa87b0532de1389297103c2e3195347,americanfootball_nfl,2025-10-12T17:01:00Z,Indianapolis Colts,Arizona Cardinals,draftkings,DraftKings,h2h,Indianapolis Colts,-298,,2025-10-07T15:42:27Z
dfa87b0532de1389297103c2e3195347,americanfootball_nfl,2025-10-12T17:01:00Z,Indianapolis Colts,Arizona Cardinals,draftkings,DraftKings,spreads,Arizona Cardinals,-110,6.5,2025-10-07T15:42:27Z
dfa87b0532de1389297103c2e3195347,americanfootball_nfl,2025-10-12T17:01:00Z,Indianapolis Colts,Arizona Cardinals,draftkings,DraftKings,spreads,Indianapolis Colts,-110,-6.5,2025-10-07T15:42:27Z
dfa87b0532de1389297103c2e3195347,americanfootball_nfl,2025-10-12T17:01:00Z,Indianapolis Colts,Arizona Cardinals,draftkings,DraftKings,totals,Over,-110,47.5,2025-10-07T15:42:27Z
dfa87b0532de1389297103c2e3195347,americanfootball_nfl,2025-10-12T17:01:00Z,Indianapolis Colts,Arizona Cardinals,draftkings,DraftKings,totals,Under,-110,47.5,2025-10-07T15:42:27Z
dfa87b0532de1389297103c2e3195347,americanfootball_nfl,2025-10-12T17:01:00Z,Indianapolis Colts,Arizona Cardinals,espnbet,ESPN BET,h2h,Arizona Cardinals,260,,2025-10-07T15:42:28Z
dfa87b0532de1389297103c2e3195347,americanfootball_nfl,2025-10-12T17:01:00Z,Indianapolis Colts,Arizona Cardinals,espnbet,ESPN BET,h2h,Indianapolis Colts,-320,,2025-10-07T15:42:28Z
dfa87b0532de1389297103c2e3195347,americanfootball_nfl,2025-10-12T17:01:00Z,Indianapolis Colts,Arizona Cardinals,espnbet,ESPN BET,spreads,Arizona Cardinals,-105,6.5,2025-10-07T15:42:28Z
dfa87b0532de1389297103c2e3195347,americanfootball_nfl,2025-10-12T17:01:00Z,Indianapolis Colts,Arizona Cardinals,espnbet,ESPN BET,spreads,Indianapolis Colts,-120,-6.5,2025-10-07T15:42:28Z
dfa87b0532de1389297103c2e3195347,americanfootball_nfl,2025-10-12T17:01:00Z,Indianapolis Colts,Arizona Cardinals,espnbet,ESPN BET,totals,Over,-110,47.5,2025-10-07T15:42:28Z
dfa87b0532de1389297103c2e3195347,americanfootball_nfl,2025-10-12T17:01:00Z,Indianapolis Colts,Arizona Cardinals,espnbet,ESPN BET,totals,Under,-110,47.5,2025-10-07T15:42:28Z
dfa87b0532de1389297103c2e3195347,americanfootball_nfl,2025-10-12T17:01:00Z,Indianapolis Colts,Arizona Cardinals,fanduel,FanDuel,h2h,Arizona Cardinals,235,,2025-10-07T15:42:19Z
dfa87b0532de1389297103c2e3195347,americanfootball_nfl,2025-10-12T17:01:00Z,Indianapolis Colts,Arizona Cardinals,fanduel,FanDuel,h2h,Indianapolis Colts,-290,,2025-10-07T15:42:19Z
dfa87b0532de1389297103c2e3195347,americanfootball_nfl,2025-10-12T17:01:00Z,Indianapolis Colts,Arizona Cardinals,fanduel,FanDuel,spreads,Arizona Cardinals,-115,6.5,2025-10-07T15:42:19Z
dfa87b0532de1389297103c2e3195347,americanfootball_nfl,2025-10-12T17:01:00Z,Indianapolis Colts,Arizona Cardinals,fanduel,FanDuel,spreads,Indianapolis Colts,-105,-6.5,2025-10-07T15:42:19Z
dfa87b0532de1389297103c2e3195347,americanfootball_nfl,2025-10-12T17:01:00Z,Indianapolis Colts,Arizona Cardinals,fanduel,FanDuel,totals,Over,-105,47.5,2025-10-07T15:42:19Z
dfa87b0532de1389297103c2e3195347,americanfootball_nfl,2025-10-12T17:01:00Z,Indianapolis Colts,Arizona Cardinals,fanduel,FanDuel,totals,Under,-115,47.5,2025-10-07T15:42:19Z
dfa87b0532de1389297103c2e3195347,americanfootball_nfl,2025-10-12T17:01:00Z,Indianapolis Colts,Arizona Cardinals,betmgm,BetMGM,h2h,Arizona Cardinals,240,,2025-10-07T15:41:07Z
dfa87b0532de1389297103c2e3195347,americanfootball_nfl,2025-10-12T17:01:00Z,Indianapolis Colts,Arizona Cardinals,betmgm,BetMGM,h2h,Indianapolis Colts,-300,,2025-10-07T15:41:07Z
dfa87b0532de1389297103c2e3195347,americanfootball_nfl,2025-10-12T17:01:00Z,Indianapolis Colts,Arizona Cardinals,betmgm,BetMGM,spreads,Arizona Cardinals,-110,6.5,2025-10-07T15:41:07Z
dfa87b0532de1389297103c2e3195347,americanfootball_nfl,2025-10-12T17:01:00Z,Indianapolis Colts,Arizona Cardinals,betmgm,BetMGM,spreads,Indianapolis Colts,-110,-6.5,2025-10-07T15:41:07Z
dfa87b0532de1389297103c2e3195347,americanfootball_nfl,2025-10-12T17:01:00Z,Indianapolis Colts,Arizona Cardinals,betmgm,BetMGM,totals,Over,-110,47.5,2025-10-07T15:41:07Z
dfa87b0532de1389297103c2e3195347,americanfootball_nfl,2025-10-12T17:01:00Z,Indianapolis Colts,Arizona Cardinals,betmgm,BetMGM,totals,Under,-110,47.5,2025-10-07T15:41:07Z
dfa87b0532de1389297103c2e3195347,americanfootball_nfl,2025-10-12T17:01:00Z,Indianapolis Colts,Arizona Cardinals,betway,Betway,h2h,Arizona Cardinals,240,,2025-10-07T15:42:12Z
dfa87b0532de1389297103c2e3195347,americanfootball_nfl,2025-10-12T17:01:00Z,Indianapolis Colts,Arizona Cardinals,betway,Betway,h2h,Indianapolis Colts,-300,,2025-10-07T15:42:12Z
b235bc78609644cb28492cc1d6ad69fd,americanfootball_nfl,2025-10-12T17:01:00Z,Baltimore Ravens,Los Angeles Rams,draftkings,DraftKings,h2h,Baltimore Ravens,320,,2025-10-07T15:42:27Z
b235bc78609644cb28492cc1d6ad69fd,americanfootball_nfl,2025-10-12T17:01:00Z,Baltimore Ravens,Los Angeles Rams,draftkings,DraftKings,h2h,Los Angeles Rams,-410,,2025-10-07T15:42:27Z
b235bc78609644cb28492cc1d6ad69fd,americanfootball_nfl,2025-10-12T17:01:00Z,Baltimore Ravens,Los Angeles Rams,draftkings,DraftKings,spreads,Baltimore Ravens,-112,7.5,2025-10-07T15:42:27Z
b235bc78609644cb28492cc1d6ad69fd,americanfootball_nfl,2025-10-12T17:01:00Z,Baltimore Ravens,Los Angeles Rams,draftkings,DraftKings,spreads,Los Angeles Rams,-108,-7.5,2025-10-07T15:42:27Z
b235bc78609644cb28492cc1d6ad69fd,americanfootball_nfl,2025-10-12T17:01:00Z,Baltimore Ravens,Los Angeles Rams,draftkings,DraftKings,totals,Over,-115,44.5,2025-10-07T15:42:27Z
b235bc78609644cb28492cc1d6ad69fd,americanfootball_nfl,2025-10-12T17:01:00Z,Baltimore Ravens,Los Angeles Rams,draftkings,DraftKings,totals,Under,-105,44.5,2025-10-07T15:42:27Z
b235bc78609644cb28492cc1d6ad69fd,americanfootball_nfl,2025-10-12T17:01:00Z,Baltimore Ravens,Los Angeles Rams,espnbet,ESPN BET,h2h,Baltimore Ravens,300,,2025-10-07T15:42:28Z
b235bc78609644cb28492cc1d6ad69fd,americanfootball_nfl,2025-10-12T17:01:00Z,Baltimore Ravens,Los Angeles Rams,espnbet,ESPN BET,h2h,Los Angeles Rams,-400,,2025-10-07T15:42:28Z
b235bc78609644cb28492cc1d6ad69fd,americanfootball_nfl,2025-10-12T17:01:00Z,Baltimore Ravens,Los Angeles Rams,espnbet,ESPN BET,spreads,Baltimore Ravens,-115,7.5,2025-10-07T15:42:28Z
b235bc78609644cb28492cc1d6ad69fd,americanfootball_nfl,2025-10-12T17:01:00Z,Baltimore Ravens,Los Angeles Rams,espnbet,ESPN BET,spreads,Los Angeles Rams,-105,-7.5,2025-10-07T15:42:28Z
b235bc78609644cb28492cc1d6ad69fd,americanfootball_nfl,2025-10-12T17:01:00Z,Baltimore Ravens,Los Angeles Rams,espnbet,ESPN BET,totals,Over,-115,44.5,2025-10-07T15:42:28Z
b235bc78609644cb28492cc1d6ad69fd,americanfootball_nfl,2025-10-12T17:01:00Z,Baltimore Ravens,Los Angeles Rams,espnbet,ESPN BET,totals,Under,-105,44.5,2025-10-07T15:42:28Z
b235bc78609644cb28492cc1d6ad69fd,americanfootball_nfl,2025-10-12T17:01:00Z,Baltimore Ravens,Los Angeles Rams,fanduel,FanDuel,h2h,Baltimore Ravens,295,,2025-10-07T15:42:19Z
b235bc78609644cb28492cc1d6ad69fd,americanfootball_nfl,2025-10-12T17:01:00Z,Baltimore Ravens,Los Angeles Rams,fanduel,FanDuel,h2h,Los Angeles Rams,-370,,2025-10-07T15:42:19Z
b235bc78609644cb28492cc1d6ad69fd,americanfootball_nfl,2025-10-12T17:01:00Z,Baltimore Ravens,Los Angeles Rams,fanduel,FanDuel,spreads,Baltimore Ravens,-115,7.5,2025-10-07T15:42:19Z
b235bc78609644cb28492cc1d6ad69fd,americanfootball_nfl,2025-10-12T17:01:00Z,Baltimore Ravens,Los Angeles Rams,fanduel,FanDuel,spreads,Los Angeles Rams,-105,-7.5,2025-10-07T15:42:19Z
b235bc78609644cb28492cc1d6ad69fd,americanfootball_nfl,2025-10-12T17:01:00Z,Baltimore Ravens,Los Angeles Rams,fanduel,FanDuel,totals,Over,-115,44.5,2025-10-07T15:42:19Z
b235bc78609644cb28492cc1d6ad69fd,americanfootball_nfl,2025-10-12T17:01:00Z,Baltimore Ravens,Los Angeles Rams,fanduel,FanDuel,totals,Under,-105,44.5,2025-10-07T15:42:19Z
b235bc78609644cb28492cc1d6ad69fd,americanfootball_nfl,2025-10-12T17:01:00Z,Baltimore Ravens,Los Angeles Rams,betmgm,BetMGM,h2h,Baltimore Ravens,325,,2025-10-07T15:41:07Z
b235bc78609644cb28492cc1d6ad69fd,americanfootball_nfl,2025-10-12T17:01:00Z,Baltimore Ravens,Los Angeles Rams,betmgm,BetMGM,h2h,Los Angeles Rams,-425,,2025-10-07T15:41:07Z
b235bc78609644cb28492cc1d6ad69fd,americanfootball_nfl,2025-10-12T17:01:00Z,Baltimore Ravens,Los Angeles Rams,betmgm,BetMGM,spreads,Baltimore Ravens,-110,7.5,2025-10-07T15:41:07Z
b235bc78609644cb28492cc1d6ad69fd,americanfootball_nfl,2025-10-12T17:01:00Z,Baltimore Ravens,Los Angeles Rams,betmgm,BetMGM,spreads,Los Angeles Rams,-110,-7.5,2025-10-07T15:41:07Z
b235bc78609644cb28492cc1d6ad69fd,americanfootball_nfl,2025-10-12T17:01:00Z,Baltimore Ravens,Los Angeles Rams,betmgm,BetMGM,totals,Over,-110,45.0,2025-10-07T15:41:07Z
b235bc78609644cb28492cc1d6ad69fd,americanfootball_nfl,2025-10-12T17:01:00Z,Baltimore Ravens,Los Angeles Rams,betmgm,BetMGM,totals,Under,-110,45.0,2025-10-07T15:41:07Z
b235bc78609644cb28492cc1d6ad69fd,americanfootball_nfl,2025-10-12T17:01:00Z,Baltimore Ravens,Los Angeles Rams,betway,Betway,h2h,Baltimore Ravens,300,,2025-10-07T15:42:12Z
b235bc78609644cb28492cc1d6ad69fd,americanfootball_nfl,2025-10-12T17:01:00Z,Baltimore Ravens,Los Angeles Rams,betway,Betway,h2h,Los Angeles Rams,-400,,2025-10-07T15:42:12Z
dd3a14fa1529e79bd338a7bfd71d5b3a,americanfootball_nfl,2025-10-12T17:01:00Z,Carolina Panthers,Dallas Cowboys,draftkings,DraftKings,h2h,Carolina Panthers,154,,2025-10-07T15:42:27Z
dd3a14fa1529e79bd338a7bfd71d5b3a,americanfootball_nfl,2025-10-12T17:01:00Z,Carolina Panthers,Dallas Cowboys,draftkings,DraftKings,h2h,Dallas Cowboys,-185,,2025-10-07T15:42:27Z
dd3a14fa1529e79bd338a7bfd71d5b3a,americanfootball_nfl,2025-10-12T17:01:00Z,Carolina Panthers,Dallas Cowboys,draftkings,DraftKings,spreads,Carolina Panthers,-115,3.5,2025-10-07T15:42:27Z
dd3a14fa1529e79bd338a7bfd71d5b3a,americanfootball_nfl,2025-10-12T17:01:00Z,Carolina Panthers,Dallas Cowboys,draftkings,DraftKings,spreads,Dallas Cowboys,-105,-3.5,2025-10-07T15:42:27Z
dd3a14fa1529e79bd338a7bfd71d5b3a,americanfootball_nfl,2025-10-12T17:01:00Z,Carolina Panthers,Dallas Cowboys,draftkings,DraftKings,totals,Over,-112,49.5,2025-10-07T15:42:27Z
dd3a14fa1529e79bd338a7bfd71d5b3a,americanfootball_nfl,2025-10-12T17:01:00Z,Carolina Panthers,Dallas Cowboys,draftkings,DraftKings,totals,Under,-108,49.5,2025-10-07T15:42:27Z
dd3a14fa1529e79bd338a7bfd71d5b3a,americanfootball_nfl,2025-10-12T17:01:00Z,Carolina Panthers,Dallas Cowboys,espnbet,ESPN BET,h2h,Carolina Panthers,145,,2025-10-07T15:42:28Z
dd3a14fa1529e79bd338a7bfd71d5b3a,americanfootball_nfl,2025-10-12T17:01:00Z,Carolina Panthers,Dallas Cowboys,espnbet,ESPN BET,h2h,Dallas Cowboys,-170,,2025-10-07T15:42:28Z
dd3a14fa1529e79bd338a7bfd71d5b3a,americanfootball_nfl,2025-10-12T17:01:00Z,Carolina Panthers,Dallas Cowboys,espnbet,ESPN BET,spreads,Carolina Panthers,-130,3.5,2025-10-07T15:42:28Z
dd3a14fa1529e79bd338a7bfd71d5b3a,americanfootball_nfl,2025-10-12T17:01:00Z,Carolina Panthers,Dallas Cowboys,espnbet,ESPN BET,spreads,Dallas Cowboys,110,-3.5,2025-10-07T15:42:28Z
dd3a14fa1529e79bd338a7bfd71d5b3a,americanfootball_nfl,2025-10-12T17:01:00Z,Carolina Panthers,Dallas Cowboys,espnbet,ESPN BET,totals,Over,-110,49.5,2025-10-07T15:42:28Z
dd3a14fa1529e79bd338a7bfd71d5b3a,americanfootball_nfl,2025-10-12T17:01:00Z,Carolina Panthers,Dallas Cowboys,espnbet,ESPN BET,totals,Under,-110,49.5,2025-10-07T15:42:28Z
dd3a14fa1529e79bd338a7bfd71d5b3a,americanfootball_nfl,2025-10-12T17:01:00Z,Carolina Panthers,Dallas Cowboys,fanduel,FanDuel,h2h,Carolina Panthers,148,,2025-10-07T15:42:19Z
dd3a14fa1529e79bd338a7bfd71d5b3a,americanfootball_nfl,2025-10-12T17:01:00Z,Carolina Panthers,Dallas Cowboys,fanduel,FanDuel,h2h,Dallas Cowboys,-176,,2025-10-07T15:42:19Z
dd3a14fa1529e79bd338a7bfd71d5b3a,americanfootball_nfl,2025-10-12T17:01:00Z,Carolina Panthers,Dallas Cowboys,fanduel,FanDuel,spreads,Carolina Panthers,-118,3.5,2025-10-07T15:42:19Z
dd3a14fa1529e79bd338a7bfd71d5b3a,americanfootball_nfl,2025-10-12T17:01:00Z,Carolina Panthers,Dallas Cowboys,fanduel,FanDuel,spreads,Dallas Cowboys,-104,-3.5,2025-10-07T15:42:19Z
dd3a14fa1529e79bd338a7bfd71d5b3a,americanfootball_nfl,2025-10-12T17:01:00Z,Carolina Panthers,Dallas Cowboys,fanduel,FanDuel,totals,Over,-108,49.5,2025-10-07T15:42:19Z
dd3a14fa1529e79bd338a7bfd71d5b3a,americanfootball_nfl,2025-10-12T17:01:00Z,Carolina Panthers,Dallas Cowboys,fanduel,FanDuel,totals,Under,-112,49.5,2025-10-07T15:42:19Z
dd3a14fa1529e79bd338a7bfd71d5b3a,americanfootball_nfl,2025-10-12T17:01:00Z,Carolina Panthers,Dallas Cowboys,betmgm,BetMGM,h2h,Carolina Panthers,155,,2025-10-07T15:41:07Z
dd3a14fa1529e79bd338a7bfd71d5b3a,americanfootball_nfl,2025-10-12T17:01:00Z,Carolina Panthers,Dallas Cowboys,betmgm,BetMGM,h2h,Dallas Cowboys,-190,,2025-10-07T15:41:07Z
dd3a14fa1529e79bd338a7bfd71d5b3a,americanfootball_nfl,2025-10-12T17:01:00Z,Carolina Panthers,Dallas Cowboys,betmgm,BetMGM,spreads,Carolina Panthers,-115,3.5,2025-10-07T15:41:07Z
dd3a14fa1529e79bd338a7bfd71d5b3a,americanfootball_nfl,2025-10-12T17:01:00Z,Carolina Panthers,Dallas Cowboys,betmgm,BetMGM,spreads,Dallas Cowboys,-105,-3.5,2025-10-07T15:41:07Z
dd3a14fa1529e79bd338a7bfd71d5b3a,americanfootball_nfl,2025-10-12T17:01:00Z,Carolina Panthers,Dallas Cowboys,betmgm,BetMGM,totals,Over,-110,49.5,2025-10-07T15:41:07Z
dd3a14fa1529e79bd338a7bfd71d5b3a,americanfootball_nfl,2025-10-12T17:01:00Z,Carolina Panthers,Dallas Cowboys,betmgm,BetMGM,totals,Under,-110,49.5,2025-10-07T15:41:07Z
dd3a14fa1529e79bd338a7bfd71d5b3a,americanfootball_nfl,2025-10-12T17:01:00Z,Carolina Panthers,Dallas Cowboys,betway,Betway,h2h,Carolina Panthers,155,,2025-10-07T15:42:12Z
dd3a14fa1529e79bd338a7bfd71d5b3a,americanfootball_nfl,2025-10-12T17:01:00Z,Carolina Panthers,Dallas Cowboys,betway,Betway,h2h,Dallas Cowboys,-190,,2025-10-07T15:42:12Z
a11bbccb332241029ebaeb519b93b776,americanfootball_nfl,2025-10-12T17:01:00Z,Pittsburgh Steelers,Cleveland Browns,draftkings,DraftKings,h2h,Cleveland Browns,195,,2025-10-07T15:42:27Z
a11bbccb332241029ebaeb519b93b776,americanfootball_nfl,2025-10-12T17:01:00Z,Pittsburgh Steelers,Cleveland Browns,draftkings,DraftKings,h2h,Pittsburgh Steelers,-238,,2025-10-07T15:42:27Z
a11bbccb332241029ebaeb519b93b776,americanfootball_nfl,2025-10-12T17:01:00Z,Pittsburgh Steelers,Cleveland Browns,draftkings,DraftKings,spreads,Cleveland Browns,-105,4.5,2025-10-07T15:42:27Z
a11bbccb332241029ebaeb519b93b776,americanfootball_nfl,2025-10-12T17:01:00Z,Pittsburgh Steelers,Cleveland Browns,draftkings,DraftKings,spreads,Pittsburgh Steelers,-115,-4.5,2025-10-07T15:42:27Z
a11bbccb332241029ebaeb519b93b776,americanfootball_nfl,2025-10-12T17:01:00Z,Pittsburgh Steelers,Cleveland Browns,draftkings,DraftKings,totals,Over,-115,37.5,2025-10-07T15:42:27Z
a11bbccb332241029ebaeb519b93b776,americanfootball_nfl,2025-10-12T17:01:00Z,Pittsburgh Steelers,Cleveland Browns,draftkings,DraftKings,totals,Under,-105,37.5,2025-10-07T15:42:27Z
a11bbccb332241029ebaeb519b93b776,americanfootball_nfl,2025-10-12T17:01:00Z,Pittsburgh Steelers,Cleveland Browns,betmgm,BetMGM,h2h,Cleveland Browns,195,,2025-10-07T15:41:07Z
a11bbccb332241029ebaeb519b93b776,americanfootball_nfl,2025-10-12T17:01:00Z,Pittsburgh Steelers,Cleveland Browns,betmgm,BetMGM,h2h,Pittsburgh Steelers,-235,,2025-10-07T15:41:07Z
a11bbccb332241029ebaeb519b93b776,americanfootball_nfl,2025-10-12T17:01:00Z,Pittsburgh Steelers,Cleveland Browns,betmgm,BetMGM,spreads,Cleveland Browns,-105,5.0,2025-10-07T15:41:07Z
a11bbccb332241029ebaeb519b93b776,americanfootball_nfl,2025-10-12T17:01:00Z,Pittsburgh Steelers,Cleveland Browns,betmgm,BetMGM,spreads,Pittsburgh Steelers,-115,-5.0,2025-10-07T15:41:07Z
a11bbccb332241029ebaeb519b93b776,americanfootball_nfl,2025-10-12T17:01:00Z,Pittsburgh Steelers,Cleveland Browns,betmgm,BetMGM,totals,Over,-110,38.5,2025-10-07T15:41:07Z
a11bbccb332241029ebaeb519b93b776,americanfootball_nfl,2025-10-12T17:01:00Z,Pittsburgh Steelers,Cleveland Browns,betmgm,BetMGM,totals,Under,-110,38.5,2025-10-07T15:41:07Z
a11bbccb332241029ebaeb519b93b776,americanfootball_nfl,2025-10-12T17:01:00Z,Pittsburgh Steelers,Cleveland Browns,espnbet,ESPN BET,h2h,Cleveland Browns,210,,2025-10-07T15:42:28Z
a11bbccb332241029ebaeb519b93b776,americanfootball_nfl,2025-10-12T17:01:00Z,Pittsburgh Steelers,Cleveland Browns,espnbet,ESPN BET,h2h,Pittsburgh Steelers,-250,,2025-10-07T15:42:28Z
a11bbccb332241029ebaeb519b93b776,americanfootball_nfl,2025-10-12T17:01:00Z,Pittsburgh Steelers,Cleveland Browns,espnbet,ESPN BET,spreads,Cleveland Browns,-110,5.5,2025-10-07T15:42:28Z
a11bbccb332241029ebaeb519b93b776,americanfootball_nfl,2025-10-12T17:01:00Z,Pittsburgh Steelers,Cleveland Browns,espnbet,ESPN BET,spreads,Pittsburgh Steelers,-110,-5.5,2025-10-07T15:42:28Z
a11bbccb332241029ebaeb519b93b776,americanfootball_nfl,2025-10-12T17:01:00Z,Pittsburgh Steelers,Cleveland Browns,espnbet,ESPN BET,totals,Over,-105,38.5,2025-10-07T15:42:28Z
a11bbccb332241029ebaeb519b93b776,americanfootball_nfl,2025-10-12T17:01:00Z,Pittsburgh Steelers,Cleveland Browns,espnbet,ESPN BET,totals,Under,-115,38.5,2025-10-07T15:42:28Z
a11bbccb332241029ebaeb519b93b776,americanfootball_nfl,2025-10-12T17:01:00Z,Pittsburgh Steelers,Cleveland Browns,fanduel,FanDuel,h2h,Cleveland Browns,198,,2025-10-07T15:42:19Z
a11bbccb332241029ebaeb519b93b776,americanfootball_nfl,2025-10-12T17:01:00Z,Pittsburgh Steelers,Cleveland Browns,fanduel,FanDuel,h2h,Pittsburgh Steelers,-240,,2025-10-07T15:42:19Z
a11bbccb332241029ebaeb519b93b776,americanfootball_nfl,2025-10-12T17:01:00Z,Pittsburgh Steelers,Cleveland Browns,fanduel,FanDuel,spreads,Cleveland Browns,-115,5.5,2025-10-07T15:42:19Z
a11bbccb332241029ebaeb519b93b776,americanfootball_nfl,2025-10-12T17:01:00Z,Pittsburgh Steelers,Cleveland Browns,fanduel,FanDuel,spreads,Pittsburgh Steelers,-105,-5.5,2025-10-07T15:42:19Z
a11bbccb332241029ebaeb519b93b776,americanfootball_nfl,2025-10-12T17:01:00Z,Pittsburgh Steelers,Cleveland Browns,fanduel,FanDuel,totals,Over,-108,38.5,2025-10-07T15:42:19Z
a11bbccb332241029ebaeb519b93b776,americanfootball_nfl,2025-10-12T17:01:00Z,Pittsburgh Steelers,Cleveland Browns,fanduel,FanDuel,totals,Under,-112,38.5,2025-10-07T15:42:19Z
a11bbccb332241029ebaeb519b93b776,americanfootball_nfl,2025-10-12T17:01:00Z,Pittsburgh Steelers,Cleveland Browns,betway,Betway,h2h,Cleveland Browns,200,,2025-10-07T15:42:12Z
a11bbccb332241029ebaeb519b93b776,americanfootball_nfl,2025-10-12T17:01:00Z,Pittsburgh Steelers,Cleveland Browns,betway,Betway,h2h,Pittsburgh Steelers,-235,,2025-10-07T15:42:12Z
a7211a87bbd5fb2ee473eb9c93ee2e68,americanfootball_nfl,2025-10-12T17:01:00Z,Miami Dolphins,Los Angeles Chargers,draftkings,DraftKings,h2h,Los Angeles Chargers,-230,,2025-10-07T15:42:27Z
a7211a87bbd5fb2ee473eb9c93ee2e68,americanfootball_nfl,2025-10-12T17:01:00Z,Miami Dolphins,Los Angeles Chargers,draftkings,DraftKings,h2h,Miami Dolphins,190,,2025-10-07T15:42:27Z
a7211a87bbd5fb2ee473eb9c93ee2e68,americanfootball_nfl,2025-10-12T17:01:00Z,Miami Dolphins,Los Angeles Chargers,draftkings,DraftKings,spreads,Los Angeles Chargers,-115,-4.5,2025-10-07T15:42:27Z
a7211a87bbd5fb2ee473eb9c93ee2e68,americanfootball_nfl,2025-10-12T17:01:00Z,Miami Dolphins,Los Angeles Chargers,draftkings,DraftKings,spreads,Miami Dolphins,-105,4.5,2025-10-07T15:42:27Z
a7211a87bbd5fb2ee473eb9c93ee2e68,americanfootball_nfl,2025-10-12T17:01:00Z,Miami Dolphins,Los Angeles Chargers,draftkings,DraftKings,totals,Over,-105,44.5,2025-10-07T15:42:27Z
a7211a87bbd5fb2ee473eb9c93ee2e68,americanfootball_nfl,2025-10-12T17:01:00Z,Miami Dolphins,Los Angeles Chargers,draftkings,DraftKings,totals,Under,-115,44.5,2025-10-07T15:42:27Z
a7211a87bbd5fb2ee473eb9c93ee2e68,americanfootball_nfl,2025-10-12T17:01:00Z,Miami Dolphins,Los Angeles Chargers,espnbet,ESPN BET,h2h,Los Angeles Chargers,-200,,2025-10-07T15:42:28Z
a7211a87bbd5fb2ee473eb9c93ee2e68,americanfootball_nfl,2025-10-12T17:01:00Z,Miami Dolphins,Los Angeles Chargers,espnbet,ESPN BET,h2h,Miami Dolphins,170,,2025-10-07T15:42:28Z
a7211a87bbd5fb2ee473eb9c93ee2e68,americanfootball_nfl,2025-10-12T17:01:00Z,Miami Dolphins,Los Angeles Chargers,espnbet,ESPN BET,spreads,Los Angeles Chargers,-115,-3.5,2025-10-07T15:42:28Z
a7211a87bbd5fb2ee473eb9c93ee2e68,americanfootball_nfl,2025-10-12T17:01:00Z,Miami Dolphins,Los Angeles Chargers,espnbet,ESPN BET,spreads,Miami Dolphins,-105,3.5,2025-10-07T15:42:28Z
a7211a87bbd5fb2ee473eb9c93ee2e68,americanfootball_nfl,2025-10-12T17:01:00Z,Miami Dolphins,Los Angeles Chargers,espnbet,ESPN BET,totals,Over,-105,43.5,2025-10-07T15:42:28Z
a7211a87bbd5fb2ee473eb9c93ee2e68,americanfootball_nfl,2025-10-12T17:01:00Z,Miami Dolphins,Los Angeles Chargers,espnbet,ESPN BET,totals,Under,-115,43.5,2025-10-07T15:42:28Z
a7211a87bbd5fb2ee473eb9c93ee2e68,americanfootball_nfl,2025-10-12T17:01:00Z,Miami Dolphins,Los Angeles Chargers,fanduel,FanDuel,h2h,Los Angeles Chargers,-230,,2025-10-07T15:42:19Z
a7211a87bbd5fb2ee473eb9c93ee2e68,americanfootball_nfl,2025-10-12T17:01:00Z,Miami Dolphins,Los Angeles Chargers,fanduel,FanDuel,h2h,Miami Dolphins,190,,2025-10-07T15:42:19Z
a7211a87bbd5fb2ee473eb9c93ee2e68,americanfootball_nfl,2025-10-12T17:01:00Z,Miami Dolphins,Los Angeles Chargers,fanduel,FanDuel,spreads,Los Angeles Chargers,-115,-4.5,2025-10-07T15:42:19Z
a7211a87bbd5fb2ee473eb9c93ee2e68,americanfootball_nfl,2025-10-12T17:01:00Z,Miami Dolphins,Los Angeles Chargers,fanduel,FanDuel,spreads,Miami Dolphins,-105,4.5,2025-10-07T15:42:19Z
a7211a87bbd5fb2ee473eb9c93ee2e68,americanfootball_nfl,2025-10-12T17:01:00Z,Miami Dolphins,Los Angeles Chargers,fanduel,FanDuel,totals,Over,-120,43.5,2025-10-07T15:42:19Z
a7211a87bbd5fb2ee473eb9c93ee2e68,americanfootball_nfl,2025-10-12T17:01:00Z,Miami Dolphins,Los Angeles Chargers,fanduel,FanDuel,totals,Under,-102,43.5,2025-10-07T15:42:19Z
a7211a87bbd5fb2ee473eb9c93ee2e68,americanfootball_nfl,2025-10-12T17:01:00Z,Miami Dolphins,Los Angeles Chargers,betmgm,BetMGM,h2h,Los Angeles Chargers,-220,,2025-10-07T15:41:07Z
a7211a87bbd5fb2ee473eb9c93ee2e68,americanfootball_nfl,2025-10-12T17:01:00Z,Miami Dolphins,Los Angeles Chargers,betmgm,BetMGM,h2h,Miami Dolphins,180,,2025-10-07T15:41:07Z
a7211a87bbd5fb2ee473eb9c93ee2e68,americanfootball_nfl,2025-10-12T17:01:00Z,Miami Dolphins,Los Angeles Chargers,betmgm,BetMGM,spreads,Los Angeles Chargers,-110,-4.5,2025-10-07T15:41:07Z
a7211a87bbd5fb2ee473eb9c93ee2e68,americanfootball_nfl,2025-10-12T17:01:00Z,Miami Dolphins,Los Angeles Chargers,betmgm,BetMGM,spreads,Miami Dolphins,-110,4.5,2025-10-07T15:41:07Z
a7211a87bbd5fb2ee473eb9c93ee2e68,americanfootball_nfl,2025-10-12T17:01:00Z,Miami Dolphins,Los Angeles Chargers,betmgm,BetMGM,totals,Over,-110,43.5,2025-10-07T15:41:07Z
a7211a87bbd5fb2ee473eb9c93ee2e68,americanfootball_nfl,2025-10-12T17:01:00Z,Miami Dolphins,Los Angeles Chargers,betmgm,BetMGM,totals,Under,-110,43.5,2025-10-07T15:41:07Z
a7211a87bbd5fb2ee473eb9c93ee2e68,americanfootball_nfl,2025-10-12T17:01:00Z,Miami Dolphins,Los Angeles Chargers,betway,Betway,h2h,Los Angeles Chargers,-225,,2025-10-07T15:42:12Z
a7211a87bbd5fb2ee473eb9c93ee2e68,americanfootball_nfl,2025-10-12T17:01:00Z,Miami Dolphins,Los Angeles Chargers,betway,Betway,h2h,Miami Dolphins,185,,2025-10-07T15:42:12Z
4963bff460a5f26cab46a8e5ea6db148,americanfootball_nfl,2025-10-12T20:06:00Z,Las Vegas Raiders,Tennessee Titans,draftkings,DraftKings,h2h,Las Vegas Raiders,-230,,2025-10-07T15:42:27Z
4963bff460a5f26cab46a8e5ea6db148,americanfootball_nfl,2025-10-12T20:06:00Z,Las Vegas Raiders,Tennessee Titans,draftkings,DraftKings,h2h,Tennessee Titans,190,,2025-10-07T15:42:27Z
4963bff460a5f26cab46a8e5ea6db148,americanfootball_nfl,2025-10-12T20:06:00Z,Las Vegas Raiders,Tennessee Titans,draftkings,DraftKings,spreads,Las Vegas Raiders,-108,-4.5,2025-10-07T15:42:27Z
4963bff460a5f26cab46a8e5ea6db148,americanfootball_nfl,2025-10-12T20:06:00Z,Las Vegas Raiders,Tennessee Titans,draftkings,DraftKings,spreads,Tennessee Titans,-112,4.5,2025-10-07T15:42:27Z
4963bff460a5f26cab46a8e5ea6db148,americanfootball_nfl,2025-10-12T20:06:00Z,Las Vegas Raiders,Tennessee Titans,draftkings,DraftKings,totals,Over,-112,41.5,2025-10-07T15:42:27Z
4963bff460a5f26cab46a8e5ea6db148,americanfootball_nfl,2025-10-12T20:06:00Z,Las Vegas Raiders,Tennessee Titans,draftkings,DraftKings,totals,Under,-108,41.5,2025-10-07T15:42:27Z
4963bff460a5f26cab46a8e5ea6db148,americanfootball_nfl,2025-10-12T20:06:00Z,Las Vegas Raiders,Tennessee Titans,espnbet,ESPN BET,h2h,Las Vegas Raiders,-250,,2025-10-07T15:42:28Z
4963bff460a5f26cab46a8e5ea6db148,americanfootball_nfl,2025-10-12T20:06:00Z,Las Vegas Raiders,Tennessee Titans,espnbet,ESPN BET,h2h,Tennessee Titans,210,,2025-10-07T15:42:28Z
4963bff460a5f26cab46a8e5ea6db148,americanfootball_nfl,2025-10-12T20:06:00Z,Las Vegas Raiders,Tennessee Titans,espnbet,ESPN BET,spreads,Las Vegas Raiders,-115,-4.5,2025-10-07T15:42:28Z
4963bff460a5f26cab46a8e5ea6db148,americanfootball_nfl,2025-10-12T20:06:00Z,Las Vegas Raiders,Tennessee Titans,espnbet,ESPN BET,spreads,Tennessee Titans,-105,4.5,2025-10-07T15:42:28Z
4963bff460a5f26cab46a8e5ea6db148,americanfootball_nfl,2025-10-12T20:06:00Z,Las Vegas Raiders,Tennessee Titans,espnbet,ESPN BET,totals,Over,100,41.5,2025-10-07T15:42:28Z
4963bff460a5f26cab46a8e5ea6db148,americanfootball_nfl,2025-10-12T20:06:00Z,Las Vegas Raiders,Tennessee Titans,espnbet,ESPN BET,totals,Under,-120,41.5,2025-10-07T15:42:28Z
4963bff460a5f26cab46a8e5ea6db148,americanfootball_nfl,2025-10-12T20:06:00Z,Las Vegas Raiders,Tennessee Titans,fanduel,FanDuel,h2h,Las Vegas Raiders,-235,,2025-10-07T15:42:19Z
4963bff460a5f26cab46a8e5ea6db148,americanfootball_nfl,2025-10-12T20:06:00Z,Las Vegas Raiders,Tennessee Titans,fanduel,FanDuel,h2h,Tennessee Titans,194,,2025-10-07T15:42:19Z
4963bff460a5f26cab46a8e5ea6db148,americanfootball_nfl,2025-10-12T20:06:00Z,Las Vegas Raiders,Tennessee Titans,fanduel,FanDuel,spreads,Las Vegas Raiders,-106,-5.5,2025-10-07T15:42:19Z
4963bff460a5f26cab46a8e5ea6db148,americanfootball_nfl,2025-10-12T20:06:00Z,Las Vegas Raiders,Tennessee Titans,fanduel,FanDuel,spreads,Tennessee Titans,-114,5.5,2025-10-07T15:42:19Z
4963bff460a5f26cab46a8e5ea6db148,americanfootball_nfl,2025-10-12T20:06:00Z,Las Vegas Raiders,Tennessee Titans,fanduel,FanDuel,totals,Over,-108,41.5,2025-10-07T15:42:19Z
4963bff460a5f26cab46a8e5ea6db148,americanfootball_nfl,2025-10-12T20:06:00Z,Las Vegas Raiders,Tennessee Titans,fanduel,FanDuel,totals,Under,-112,41.5,2025-10-07T15:42:19Z
4963bff460a5f26cab46a8e5ea6db148,americanfootball_nfl,2025-10-12T20:06:00Z,Las Vegas Raiders,Tennessee Titans,betmgm,BetMGM,h2h,Las Vegas Raiders,-250,,2025-10-07T15:41:07Z
4963bff460a5f26cab46a8e5ea6db148,americanfootball_nfl,2025-10-12T20:06:00Z,Las Vegas Raiders,Tennessee Titans,betmgm,BetMGM,h2h,Tennessee Titans,200,,2025-10-07T15:41:07Z
4963bff460a5f26cab46a8e5ea6db148,americanfootball_nfl,2025-10-12T20:06:00Z,Las Vegas Raiders,Tennessee Titans,betmgm,BetMGM,spreads,Las Vegas Raiders,-110,-5.0,2025-10-07T15:41:07Z
4963bff460a5f26cab46a8e5ea6db148,americanfootball_nfl,2025-10-12T20:06:00Z,Las Vegas Raiders,Tennessee Titans,betmgm,BetMGM,spreads,Tennessee Titans,-110,5.0,2025-10-07T15:41:07Z
4963bff460a5f26cab46a8e5ea6db148,americanfootball_nfl,2025-10-12T20:06:00Z,Las Vegas Raiders,Tennessee Titans,betmgm,BetMGM,totals,Over,-110,41.5,2025-10-07T15:41:07Z
4963bff460a5f26cab46a8e5ea6db148,americanfootball_nfl,2025-10-12T20:06:00Z,Las Vegas Raiders,Tennessee Titans,betmgm,BetMGM,totals,Under,-110,41.5,2025-10-07T15:41:07Z
4963bff460a5f26cab46a8e5ea6db148,americanfootball_nfl,2025-10-12T20:06:00Z,Las Vegas Raiders,Tennessee Titans,betway,Betway,h2h,Las Vegas Raiders,-235,,2025-10-07T15:42:12Z
4963bff460a5f26cab46a8e5ea6db148,americanfootball_nfl,2025-10-12T20:06:00Z,Las Vegas Raiders,Tennessee Titans,betway,Betway,h2h,Tennessee Titans,200,,2025-10-07T15:42:12Z
f2c642e1f95555424b9a9a4f03733b42,americanfootball_nfl,2025-10-12T20:25:00Z,New Orleans Saints,New England Patriots,draftkings,DraftKings,h2h,New England Patriots,-185,,2025-10-07T15:42:27Z
f2c642e1f95555424b9a9a4f03733b42,americanfootball_nfl,2025-10-12T20:25:00Z,New Orleans Saints,New England Patriots,draftkings,DraftKings,h2h,New Orleans Saints,154,,2025-10-07T15:42:27Z
f2c642e1f95555424b9a9a4f03733b42,americanfootball_nfl,2025-10-12T20:25:00Z,New Orleans Saints,New England Patriots,draftkings,DraftKings,spreads,New England Patriots,-108,-3.5,2025-10-07T15:42:27Z
f2c642e1f95555424b9a9a4f03733b42,americanfootball_nfl,2025-10-12T20:25:00Z,New Orleans Saints,New England Patriots,draftkings,DraftKings,spreads,New Orleans Saints,-112,3.5,2025-10-07T15:42:27Z
f2c642e1f95555424b9a9a4f03733b42,americanfootball_nfl,2025-10-12T20:25:00Z,New Orleans Saints,New England Patriots,draftkings,DraftKings,totals,Over,-120,45.5,2025-10-07T15:42:27Z
f2c642e1f95555424b9a9a4f03733b42,americanfootball_nfl,2025-10-12T20:25:00Z,New Orleans Saints,New England Patriots,draftkings,DraftKings,totals,Under,100,45.5,2025-10-07T15:42:27Z
f2c642e1f95555424b9a9a4f03733b42,americanfootball_nfl,2025-10-12T20:25:00Z,New Orleans Saints,New England Patriots,espnbet,ESPN BET,h2h,New England Patriots,-185,,2025-10-07T15:42:28Z
f2c642e1f95555424b9a9a4f03733b42,americanfootball_nfl,2025-10-12T20:25:00Z,New Orleans Saints,New England Patriots,espnbet,ESPN BET,h2h,New Orleans Saints,155,,2025-10-07T15:42:28Z
f2c642e1f95555424b9a9a4f03733b42,americanfootball_nfl,2025-10-12T20:25:00Z,New Orleans Saints,New England Patriots,espnbet,ESPN BET,spreads,New England Patriots,100,-3.5,2025-10-07T15:42:28Z
f2c642e1f95555424b9a9a4f03733b42,americanfootball_nfl,2025-10-12T20:25:00Z,New Orleans Saints,New England Patriots,espnbet,ESPN BET,spreads,New Orleans Saints,-120,3.5,2025-10-07T15:42:28Z
f2c642e1f95555424b9a9a4f03733b42,americanfootball_nfl,2025-10-12T20:25:00Z,New Orleans Saints,New England Patriots,espnbet,ESPN BET,totals,Over,-120,45.5,2025-10-07T15:42:28Z
f2c642e1f95555424b9a9a4f03733b42,americanfootball_nfl,2025-10-12T20:25:00Z,New Orleans Saints,New England Patriots,espnbet,ESPN BET,totals,Under,100,45.5,2025-10-07T15:42:28Z
f2c642e1f95555424b9a9a4f03733b42,americanfootball_nfl,2025-10-12T20:25:00Z,New Orleans Saints,New England Patriots,fanduel,FanDuel,h2h,New England Patriots,-200,,2025-10-07T15:42:19Z
f2c642e1f95555424b9a9a4f03733b42,americanfootball_nfl,2025-10-12T20:25:00Z,New Orleans Saints,New England Patriots,fanduel,FanDuel,h2h,New Orleans Saints,168,,2025-10-07T15:42:19Z
f2c642e1f95555424b9a9a4f03733b42,americanfootball_nfl,2025-10-12T20:25:00Z,New Orleans Saints,New England Patriots,fanduel,FanDuel,spreads,New England Patriots,-115,-3.5,2025-10-07T15:42:19Z
f2c642e1f95555424b9a9a4f03733b42,americanfootball_nfl,2025-10-12T20:25:00Z,New Orleans Saints,New England Patriots,fanduel,FanDuel,spreads,New Orleans Saints,-105,3.5,2025-10-07T15:42:19Z
f2c642e1f95555424b9a9a4f03733b42,americanfootball_nfl,2025-10-12T20:25:00Z,New Orleans Saints,New England Patriots,fanduel,FanDuel,totals,Over,-115,45.5,2025-10-07T15:42:19Z
f2c642e1f95555424b9a9a4f03733b42,americanfootball_nfl,2025-10-12T20:25:00Z,New Orleans Saints,New England Patriots,fanduel,FanDuel,totals,Under,-105,45.5,2025-10-07T15:42:19Z
f2c642e1f95555424b9a9a4f03733b42,americanfootball_nfl,2025-10-12T20:25:00Z,New Orleans Saints,New England Patriots,betmgm,BetMGM,h2h,New England Patriots,-190,,2025-10-07T15:41:07Z
f2c642e1f95555424b9a9a4f03733b42,americanfootball_nfl,2025-10-12T20:25:00Z,New Orleans Saints,New England Patriots,betmgm,BetMGM,h2h,New Orleans Saints,155,,2025-10-07T15:41:07Z
f2c642e1f95555424b9a9a4f03733b42,americanfootball_nfl,2025-10-12T20:25:00Z,New Orleans Saints,New England Patriots,betmgm,BetMGM,spreads,New England Patriots,-110,-3.5,2025-10-07T15:41:07Z
f2c642e1f95555424b9a9a4f03733b42,americanfootball_nfl,2025-10-12T20:25:00Z,New Orleans Saints,New England Patriots,betmgm,BetMGM,spreads,New Orleans Saints,-110,3.5,2025-10-07T15:41:07Z
f2c642e1f95555424b9a9a4f03733b42,americanfootball_nfl,2025-10-12T20:25:00Z,New Orleans Saints,New England Patriots,betmgm,BetMGM,totals,Over,-110,46.0,2025-10-07T15:41:07Z
f2c642e1f95555424b9a9a4f03733b42,americanfootball_nfl,2025-10-12T20:25:00Z,New Orleans Saints,New England Patriots,betmgm,BetMGM,totals,Under,-110,46.0,2025-10-07T15:41:07Z
f2c642e1f95555424b9a9a4f03733b42,americanfootball_nfl,2025-10-12T20:25:00Z,New Orleans Saints,New England Patriots,betway,Betway,h2h,New England Patriots,-200,,2025-10-07T15:42:12Z
f2c642e1f95555424b9a9a4f03733b42,americanfootball_nfl,2025-10-12T20:25:00Z,New Orleans Saints,New England Patriots,betway,Betway,h2h,New Orleans Saints,165,,2025-10-07T15:42:12Z
0c85b0939650e29689bb2651b33522eb,americanfootball_nfl,2025-10-12T20:26:00Z,Green Bay Packers,Cincinnati Bengals,draftkings,DraftKings,h2h,Cincinnati Bengals,800,,2025-10-07T15:42:27Z
0c85b0939650e29689bb2651b33522eb,americanfootball_nfl,2025-10-12T20:26:00Z,Green Bay Packers,Cincinnati Bengals,draftkings,DraftKings,h2h,Green Bay Packers,-1350,,2025-10-07T15:42:27Z
0c85b0939650e29689bb2651b33522eb,americanfootball_nfl,2025-10-12T20:26:00Z,Green Bay Packers,Cincinnati Bengals,draftkings,DraftKings,spreads,Cincinnati Bengals,-110,14.5,2025-10-07T15:42:27Z
0c85b0939650e29689bb2651b33522eb,americanfootball_nfl,2025-10-12T20:26:00Z,Green Bay Packers,Cincinnati Bengals,draftkings,DraftKings,spreads,Green Bay Packers,-110,-14.5,2025-10-07T15:42:27Z
0c85b0939650e29689bb2651b33522eb,americanfootball_nfl,2025-10-12T20:26:00Z,Green Bay Packers,Cincinnati Bengals,draftkings,DraftKings,totals,Over,-108,44.5,2025-10-07T15:42:27Z
0c85b0939650e29689bb2651b33522eb,americanfootball_nfl,2025-10-12T20:26:00Z,Green Bay Packers,Cincinnati Bengals,draftkings,DraftKings,totals,Under,-112,44.5,2025-10-07T15:42:27Z
0c85b0939650e29689bb2651b33522eb,americanfootball_nfl,2025-10-12T20:26:00Z,Green Bay Packers,Cincinnati Bengals,espnbet,ESPN BET,h2h,Cincinnati Bengals,800,,2025-10-07T15:42:28Z
0c85b0939650e29689bb2651b33522eb,americanfootball_nfl,2025-10-12T20:26:00Z,Green Bay Packers,Cincinnati Bengals,espnbet,ESPN BET,h2h,Green Bay Packers,-1600,,2025-10-07T15:42:28Z
0c85b0939650e29689bb2651b33522eb,americanfootball_nfl,2025-10-12T20:26:00Z,Green Bay Packers,Cincinnati Bengals,espnbet,ESPN BET,spreads,Cincinnati Bengals,-120,14.5,2025-10-07T15:42:28Z
0c85b0939650e29689bb2651b33522eb,americanfootball_nfl,2025-10-12T20:26:00Z,Green Bay Packers,Cincinnati Bengals,espnbet,ESPN BET,spreads,Green Bay Packers,100,-14.5,2025-10-07T15:42:28Z
0c85b0939650e29689bb2651b33522eb,americanfootball_nfl,2025-10-12T20:26:00Z,Green Bay Packers,Cincinnati Bengals,espnbet,ESPN BET,totals,Over,-110,44.5,2025-10-07T15:42:28Z
0c85b0939650e29689bb2651b33522eb,americanfootball_nfl,2025-10-12T20:26:00Z,Green Bay Packers,Cincinnati Bengals,espnbet,ESPN BET,totals,Under,-110,44.5,2025-10-07T15:42:28Z
0c85b0939650e29689bb2651b33522eb,americanfootball_nfl,2025-10-12T20:26:00Z,Green Bay Packers,Cincinnati Bengals,fanduel,FanDuel,h2h,Cincinnati Bengals,810,,2025-10-07T15:42:19Z
0c85b0939650e29689bb2651b33522eb,americanfootball_nfl,2025-10-12T20:26:00Z,Green Bay Packers,Cincinnati Bengals,fanduel,FanDuel,h2h,Green Bay Packers,-1350,,2025-10-07T15:42:19Z
0c85b0939650e29689bb2651b33522eb,americanfootball_nfl,2025-10-12T20:26:00Z,Green Bay Packers,Cincinnati Bengals,fanduel,FanDuel,spreads,Cincinnati Bengals,-112,14.5,2025-10-07T15:42:19Z
0c85b0939650e29689bb2651b33522eb,americanfootball_nfl,2025-10-12T20:26:00Z,Green Bay Packers,Cincinnati Bengals,fanduel,FanDuel,spreads,Green Bay Packers,-108,-14.5,2025-10-07T15:42:19Z
0c85b0939650e29689bb2651b33522eb,americanfootball_nfl,2025-10-12T20:26:00Z,Green Bay Packers,Cincinnati Bengals,fanduel,FanDuel,totals,Over,-115,43.5,2025-10-07T15:42:19Z
0c85b0939650e29689bb2651b33522eb,americanfootball_nfl,2025-10-12T20:26:00Z,Green Bay Packers,Cincinnati Bengals,fanduel,FanDuel,totals,Under,-105,43.5,2025-10-07T15:42:19Z
0c85b0939650e29689bb2651b33522eb,americanfootball_nfl,2025-10-12T20:26:00Z,Green Bay Packers,Cincinnati Bengals,betmgm,BetMGM,h2h,Cincinnati Bengals,750,,2025-10-07T15:41:07Z
0c85b0939650e29689bb2651b33522eb,americanfootball_nfl,2025-10-12T20:26:00Z,Green Bay Packers,Cincinnati Bengals,betmgm,BetMGM,h2h,Green Bay Packers,-1200,,2025-10-07T15:41:07Z
0c85b0939650e29689bb2651b33522eb,americanfootball_nfl,2025-10-12T20:26:00Z,Green Bay Packers,Cincinnati Bengals,betmgm,BetMGM,spreads,Cincinnati Bengals,-115,14.5,2025-10-07T15:41:07Z
0c85b0939650e29689bb2651b33522eb,americanfootball_nfl,2025-10-12T20:26:00Z,Green Bay Packers,Cincinnati Bengals,betmgm,BetMGM,spreads,Green Bay Packers,-105,-14.5,2025-10-07T15:41:07Z
0c85b0939650e29689bb2651b33522eb,americanfootball_nfl,2025-10-12T20:26:00Z,Green Bay Packers,Cincinnati Bengals,betmgm,BetMGM,totals,Over,-110,44.0,2025-10-07T15:41:07Z
0c85b0939650e29689bb2651b33522eb,americanfootball_nfl,2025-10-12T20:26:00Z,Green Bay Packers,Cincinnati Bengals,betmgm,BetMGM,totals,Under,-110,44.0,2025-10-07T15:41:07Z
0c85b0939650e29689bb2651b33522eb,americanfootball_nfl,2025-10-12T20:26:00Z,Green Bay Packers,Cincinnati Bengals,betway,Betway,h2h,Cincinnati Bengals,750,,2025-10-07T15:42:12Z
0c85b0939650e29689bb2651b33522eb,americanfootball_nfl,2025-10-12T20:26:00Z,Green Bay Packers,Cincinnati Bengals,betway,Betway,h2h,Green Bay Packers,-1205,,2025-10-07T15:42:12Z
9e705d669039f2ca8364f408b7792a8a,americanfootball_nfl,2025-10-12T20:26:00Z,Tampa Bay Buccaneers,San Francisco 49ers,draftkings,DraftKings,h2h,San Francisco 49ers,136,,2025-10-07T15:42:27Z
9e705d669039f2ca8364f408b7792a8a,americanfootball_nfl,2025-10-12T20:26:00Z,Tampa Bay Buccaneers,San Francisco 49ers,draftkings,DraftKings,h2h,Tampa Bay Buccaneers,-162,,2025-10-07T15:42:27Z
9e705d669039f2ca8364f408b7792a8a,americanfootball_nfl,2025-10-12T20:26:00Z,Tampa Bay Buccaneers,San Francisco 49ers,draftkings,DraftKings,spreads,San Francisco 49ers,-105,3.0,2025-10-07T15:42:27Z
9e705d669039f2ca8364f408b7792a8a,americanfootball_nfl,2025-10-12T20:26:00Z,Tampa Bay Buccaneers,San Francisco 49ers,draftkings,DraftKings,spreads,Tampa Bay Buccaneers,-115,-3.0,2025-10-07T15:42:27Z
9e705d669039f2ca8364f408b7792a8a,americanfootball_nfl,2025-10-12T20:26:00Z,Tampa Bay Buccaneers,San Francisco 49ers,draftkings,DraftKings,totals,Over,-110,47.5,2025-10-07T15:42:27Z
9e705d669039f2ca8364f408b7792a8a,americanfootball_nfl,2025-10-12T20:26:00Z,Tampa Bay Buccaneers,San Francisco 49ers,draftkings,DraftKings,totals,Under,-110,47.5,2025-10-07T15:42:27Z
9e705d669039f2ca8364f408b7792a8a,americanfootball_nfl,2025-10-12T20:26:00Z,Tampa Bay Buccaneers,San Francisco 49ers,espnbet,ESPN BET,h2h,San Francisco 49ers,135,,2025-10-07T15:42:28Z
9e705d669039f2ca8364f408b7792a8a,americanfootball_nfl,2025-10-12T20:26:00Z,Tampa Bay Buccaneers,San Francisco 49ers,espnbet,ESPN BET,h2h,Tampa Bay Buccaneers,-155,,2025-10-07T15:42:28Z
9e705d669039f2ca8364f408b7792a8a,americanfootball_nfl,2025-10-12T20:26:00Z,Tampa Bay Buccaneers,San Francisco 49ers,espnbet,ESPN BET,spreads,San Francisco 49ers,112,2.5,2025-10-07T15:42:28Z
9e705d669039f2ca8364f408b7792a8a,americanfootball_nfl,2025-10-12T20:26:00Z,Tampa Bay Buccaneers,San Francisco 49ers,espnbet,ESPN BET,spreads,Tampa Bay Buccaneers,-135,-2.5,2025-10-07T15:42:28Z
9e705d669039f2ca8364f408b7792a8a,americanfootball_nfl,2025-10-12T20:26:00Z,Tampa Bay Buccaneers,San Francisco 49ers,espnbet,ESPN BET,totals,Over,-110,47.5,2025-10-07T15:42:28Z
9e705d669039f2ca8364f408b7792a8a,americanfootball_nfl,2025-10-12T20:26:00Z,Tampa Bay Buccaneers,San Francisco 49ers,espnbet,ESPN BET,totals,Under,-110,47.5,2025-10-07T15:42:28Z
9e705d669039f2ca8364f408b7792a8a,americanfootball_nfl,2025-10-12T20:26:00Z,Tampa Bay Buccaneers,San Francisco 49ers,fanduel,FanDuel,h2h,San Francisco 49ers,130,,2025-10-07T15:42:19Z
9e705d669039f2ca8364f408b7792a8a,americanfootball_nfl,2025-10-12T20:26:00Z,Tampa Bay Buccaneers,San Francisco 49ers,fanduel,FanDuel,h2h,Tampa Bay Buccaneers,-154,,2025-10-07T15:42:19Z
9e705d669039f2ca8364f408b7792a8a,americanfootball_nfl,2025-10-12T20:26:00Z,Tampa Bay Buccaneers,San Francisco 49ers,fanduel,FanDuel,spreads,San Francisco 49ers,-115,3.0,2025-10-07T15:42:19Z
9e705d669039f2ca8364f408b7792a8a,americanfootball_nfl,2025-10-12T20:26:00Z,Tampa Bay Buccaneers,San Francisco 49ers,fanduel,FanDuel,spreads,Tampa Bay Buccaneers,-105,-3.0,2025-10-07T15:42:19Z
9e705d669039f2ca8364f408b7792a8a,americanfootball_nfl,2025-10-12T20:26:00Z,Tampa Bay Buccaneers,San Francisco 49ers,fanduel,FanDuel,totals,Over,-108,47.5,2025-10-07T15:42:19Z
9e705d669039f2ca8364f408b7792a8a,americanfootball_nfl,2025-10-12T20:26:00Z,Tampa Bay Buccaneers,San Francisco 49ers,fanduel,FanDuel,totals,Under,-112,47.5,2025-10-07T15:42:19Z
9e705d669039f2ca8364f408b7792a8a,americanfootball_nfl,2025-10-12T20:26:00Z,Tampa Bay Buccaneers,San Francisco 49ers,betmgm,BetMGM,h2h,San Francisco 49ers,140,,2025-10-07T15:41:07Z
9e705d669039f2ca8364f408b7792a8a,americanfootball_nfl,2025-10-12T20:26:00Z,Tampa Bay Buccaneers,San Francisco 49ers,betmgm,BetMGM,h2h,Tampa Bay Buccaneers,-165,,2025-10-07T15:41:07Z
9e705d669039f2ca8364f408b7792a8a,americanfootball_nfl,2025-10-12T20:26:00Z,Tampa Bay Buccaneers,San Francisco 49ers,betmgm,BetMGM,spreads,San Francisco 49ers,-110,3.0,2025-10-07T15:41:07Z
9e705d669039f2ca8364f408b7792a8a,americanfootball_nfl,2025-10-12T20:26:00Z,Tampa Bay Buccaneers,San Francisco 49ers,betmgm,BetMGM,spreads,Tampa Bay Buccaneers,-110,-3.0,2025-10-07T15:41:07Z
9e705d669039f2ca8364f408b7792a8a,americanfootball_nfl,2025-10-12T20:26:00Z,Tampa Bay Buccaneers,San Francisco 49ers,betmgm,BetMGM,totals,Over,-110,47.5,2025-10-07T15:41:07Z
9e705d669039f2ca8364f408b7792a8a,americanfootball_nfl,2025-10-12T20:26:00Z,Tampa Bay Buccaneers,San Francisco 49ers,betmgm,BetMGM,totals,Under,-110,47.5,2025-10-07T15:41:07Z
9e705d669039f2ca8364f408b7792a8a,americanfootball_nfl,2025-10-12T20:26:00Z,Tampa Bay Buccaneers,San Francisco 49ers,betway,Betway,h2h,San Francisco 49ers,135,,2025-10-07T15:42:12Z
9e705d669039f2ca8364f408b7792a8a,americanfootball_nfl,2025-10-12T20:26:00Z,Tampa Bay Buccaneers,San Francisco 49ers,betway,Betway,h2h,Tampa Bay Buccaneers,-160,,2025-10-07T15:42:12Z
82e432d5d8bc0b5a6cbe0c324de90de3,americanfootball_nfl,2025-10-13T00:20:00Z,Kansas City Chiefs,Detroit Lions,draftkings,DraftKings,h2h,Detroit Lions,114,,2025-10-07T15:42:27Z
82e432d5d8bc0b5a6cbe0c324de90de3,americanfootball_nfl,2025-10-13T00:20:00Z,Kansas City Chiefs,Detroit Lions,draftkings,DraftKings,h2h,Kansas City Chiefs,-135,,2025-10-07T15:42:27Z
82e432d5d8bc0b5a6cbe0c324de90de3,americanfootball_nfl,2025-10-13T00:20:00Z,Kansas City Chiefs,Detroit Lions,draftkings,DraftKings,spreads,Detroit Lions,-112,2.5,2025-10-07T15:42:27Z
82e432d5d8bc0b5a6cbe0c324de90de3,americanfootball_nfl,2025-10-13T00:20:00Z,Kansas City Chiefs,Detroit Lions,draftkings,DraftKings,spreads,Kansas City Chiefs,-108,-2.5,2025-10-07T15:42:27Z
82e432d5d8bc0b5a6cbe0c324de90de3,americanfootball_nfl,2025-10-13T00:20:00Z,Kansas City Chiefs,Detroit Lions,draftkings,DraftKings,totals,Over,-110,51.5,2025-10-07T15:42:27Z
82e432d5d8bc0b5a6cbe0c324de90de3,americanfootball_nfl,2025-10-13T00:20:00Z,Kansas City Chiefs,Detroit Lions,draftkings,DraftKings,totals,Under,-110,51.5,2025-10-07T15:42:27Z
82e432d5d8bc0b5a6cbe0c324de90de3,americanfootball_nfl,2025-10-13T00:20:00Z,Kansas City Chiefs,Detroit Lions,betmgm,BetMGM,h2h,Detroit Lions,105,,2025-10-07T15:41:07Z
82e432d5d8bc0b5a6cbe0c324de90de3,americanfootball_nfl,2025-10-13T00:20:00Z,Kansas City Chiefs,Detroit Lions,betmgm,BetMGM,h2h,Kansas City Chiefs,-130,,2025-10-07T15:41:07Z
82e432d5d8bc0b5a6cbe0c324de90de3,americanfootball_nfl,2025-10-13T00:20:00Z,Kansas City Chiefs,Detroit Lions,betmgm,BetMGM,spreads,Detroit Lions,-110,2.0,2025-10-07T15:41:07Z
82e432d5d8bc0b5a6cbe0c324de90de3,americanfootball_nfl,2025-10-13T00:20:00Z,Kansas City Chiefs,Detroit Lions,betmgm,BetMGM,spreads,Kansas City Chiefs,-110,-2.0,2025-10-07T15:41:07Z
82e432d5d8bc0b5a6cbe0c324de90de3,americanfootball_nfl,2025-10-13T00:20:00Z,Kansas City Chiefs,Detroit Lions,betmgm,BetMGM,totals,Over,-110,51.5,2025-10-07T15:41:07Z
82e432d5d8bc0b5a6cbe0c324de90de3,americanfootball_nfl,2025-10-13T00:20:00Z,Kansas City Chiefs,Detroit Lions,betmgm,BetMGM,totals,Under,-110,51.5,2025-10-07T15:41:07Z
82e432d5d8bc0b5a6cbe0c324de90de3,americanfootball_nfl,2025-10-13T00:20:00Z,Kansas City Chiefs,Detroit Lions,espnbet,ESPN BET,h2h,Detroit Lions,120,,2025-10-07T15:42:28Z
82e432d5d8bc0b5a6cbe0c324de90de3,americanfootball_nfl,2025-10-13T00:20:00Z,Kansas City Chiefs,Detroit Lions,espnbet,ESPN BET,h2h,Kansas City Chiefs,-140,,2025-10-07T15:42:28Z
82e432d5d8bc0b5a6cbe0c324de90de3,americanfootball_nfl,2025-10-13T00:20:00Z,Kansas City Chiefs,Detroit Lions,espnbet,ESPN BET,spreads,Detroit Lions,-105,2.5,2025-10-07T15:42:28Z
82e432d5d8bc0b5a6cbe0c324de90de3,americanfootball_nfl,2025-10-13T00:20:00Z,Kansas City Chiefs,Detroit Lions,espnbet,ESPN BET,spreads,Kansas City Chiefs,-115,-2.5,2025-10-07T15:42:28Z
82e432d5d8bc0b5a6cbe0c324de90de3,americanfootball_nfl,2025-10-13T00:20:00Z,Kansas City Chiefs,Detroit Lions,espnbet,ESPN BET,totals,Over,-115,51.5,2025-10-07T15:42:28Z
82e432d5d8bc0b5a6cbe0c324de90de3,americanfootball_nfl,2025-10-13T00:20:00Z,Kansas City Chiefs,Detroit Lions,espnbet,ESPN BET,totals,Under,-105,51.5,2025-10-07T15:42:28Z
82e432d5d8bc0b5a6cbe0c324de90de3,americanfootball_nfl,2025-10-13T00:20:00Z,Kansas City Chiefs,Detroit Lions,fanduel,FanDuel,h2h,Detroit Lions,118,,2025-10-07T15:42:19Z
82e432d5d8bc0b5a6cbe0c324de90de3,americanfootball_nfl,2025-10-13T00:20:00Z,Kansas City Chiefs,Detroit Lions,fanduel,FanDuel,h2h,Kansas City Chiefs,-138,,2025-10-07T15:42:19Z
82e432d5d8bc0b5a6cbe0c324de90de3,americanfootball_nfl,2025-10-13T00:20:00Z,Kansas City Chiefs,Detroit Lions,fanduel,FanDuel,spreads,Detroit Lions,-112,2.5,2025-10-07T15:42:19Z
82e432d5d8bc0b5a6cbe0c324de90de3,americanfootball_nfl,2025-10-13T00:20:00Z,Kansas City Chiefs,Detroit Lions,fanduel,FanDuel,spreads,Kansas City Chiefs,-108,-2.5,2025-10-07T15:42:19Z
82e432d5d8bc0b5a6cbe0c324de90de3,americanfootball_nfl,2025-10-13T00:20:00Z,Kansas City Chiefs,Detroit Lions,fanduel,FanDuel,totals,Over,-105,52.5,2025-10-07T15:42:19Z
82e432d5d8bc0b5a6cbe0c324de90de3,americanfootball_nfl,2025-10-13T00:20:00Z,Kansas City Chiefs,Detroit Lions,fanduel,FanDuel,totals,Under,-115,52.5,2025-10-07T15:42:19Z
82e432d5d8bc0b5a6cbe0c324de90de3,americanfootball_nfl,2025-10-13T00:20:00Z,Kansas City Chiefs,Detroit Lions,betway,Betway,h2h,Detroit Lions,115,,2025-10-07T15:42:12Z
82e432d5d8bc0b5a6cbe0c324de90de3,americanfootball_nfl,2025-10-13T00:20:00Z,Kansas City Chiefs,Detroit Lions,betway,Betway,h2h,Kansas City Chiefs,-135,,2025-10-07T15:42:12Z
33e0adf378d2856ffe5f8452e7d5512d,americanfootball_nfl,2025-10-13T23:15:00Z,Atlanta Falcons,Buffalo Bills,draftkings,DraftKings,h2h,Atlanta Falcons,170,,2025-10-07T15:42:27Z
33e0adf378d2856ffe5f8452e7d5512d,americanfootball_nfl,2025-10-13T23:15:00Z,Atlanta Falcons,Buffalo Bills,draftkings,DraftKings,h2h,Buffalo Bills,-205,,2025-10-07T15:42:27Z
33e0adf378d2856ffe5f8452e7d5512d,americanfootball_nfl,2025-10-13T23:15:00Z,Atlanta Falcons,Buffalo Bills,draftkings,DraftKings,spreads,Atlanta Falcons,-115,4.5,2025-10-07T15:42:27Z
33e0adf378d2856ffe5f8452e7d5512d,americanfootball_nfl,2025-10-13T23:15:00Z,Atlanta Falcons,Buffalo Bills,draftkings,DraftKings,spreads,Buffalo Bills,-105,-4.5,2025-10-07T15:42:27Z
33e0adf378d2856ffe5f8452e7d5512d,americanfootball_nfl,2025-10-13T23:15:00Z,Atlanta Falcons,Buffalo Bills,draftkings,DraftKings,totals,Over,-115,48.5,2025-10-07T15:42:27Z
33e0adf378d2856ffe5f8452e7d5512d,americanfootball_nfl,2025-10-13T23:15:00Z,Atlanta Falcons,Buffalo Bills,draftkings,DraftKings,totals,Under,-105,48.5,2025-10-07T15:42:27Z
33e0adf378d2856ffe5f8452e7d5512d,americanfootball_nfl,2025-10-13T23:15:00Z,Atlanta Falcons,Buffalo Bills,espnbet,ESPN BET,h2h,Atlanta Falcons,165,,2025-10-07T15:42:28Z
33e0adf378d2856ffe5f8452e7d5512d,americanfootball_nfl,2025-10-13T23:15:00Z,Atlanta Falcons,Buffalo Bills,espnbet,ESPN BET,h2h,Buffalo Bills,-195,,2025-10-07T15:42:28Z
33e0adf378d2856ffe5f8452e7d5512d,americanfootball_nfl,2025-10-13T23:15:00Z,Atlanta Falcons,Buffalo Bills,espnbet,ESPN BET,spreads,Atlanta Falcons,-105,3.5,2025-10-07T15:42:28Z
33e0adf378d2856ffe5f8452e7d5512d,americanfootball_nfl,2025-10-13T23:15:00Z,Atlanta Falcons,Buffalo Bills,espnbet,ESPN BET,spreads,Buffalo Bills,-115,-3.5,2025-10-07T15:42:28Z
33e0adf378d2856ffe5f8452e7d5512d,americanfootball_nfl,2025-10-13T23:15:00Z,Atlanta Falcons,Buffalo Bills,espnbet,ESPN BET,totals,Over,100,49.5,2025-10-07T15:42:28Z
33e0adf378d2856ffe5f8452e7d5512d,americanfootball_nfl,2025-10-13T23:15:00Z,Atlanta Falcons,Buffalo Bills,espnbet,ESPN BET,totals,Under,-120,49.5,2025-10-07T15:42:28Z
33e0adf378d2856ffe5f8452e7d5512d,americanfootball_nfl,2025-10-13T23:15:00Z,Atlanta Falcons,Buffalo Bills,fanduel,FanDuel,h2h,Atlanta Falcons,172,,2025-10-07T15:42:19Z
33e0adf378d2856ffe5f8452e7d5512d,americanfootball_nfl,2025-10-13T23:15:00Z,Atlanta Falcons,Buffalo Bills,fanduel,FanDuel,h2h,Buffalo Bills,-205,,2025-10-07T15:42:19Z
33e0adf378d2856ffe5f8452e7d5512d,americanfootball_nfl,2025-10-13T23:15:00Z,Atlanta Falcons,Buffalo Bills,fanduel,FanDuel,spreads,Atlanta Falcons,-102,3.5,2025-10-07T15:42:19Z
33e0adf378d2856ffe5f8452e7d5512d,americanfootball_nfl,2025-10-13T23:15:00Z,Atlanta Falcons,Buffalo Bills,fanduel,FanDuel,spreads,Buffalo Bills,-120,-3.5,2025-10-07T15:42:19Z
33e0adf378d2856ffe5f8452e7d5512d,americanfootball_nfl,2025-10-13T23:15:00Z,Atlanta Falcons,Buffalo Bills,fanduel,FanDuel,totals,Over,-115,48.5,2025-10-07T15:42:19Z
33e0adf378d2856ffe5f8452e7d5512d,americanfootball_nfl,2025-10-13T23:15:00Z,Atlanta Falcons,Buffalo Bills,fanduel,FanDuel,totals,Under,-105,48.5,2025-10-07T15:42:19Z
33e0adf378d2856ffe5f8452e7d5512d,americanfootball_nfl,2025-10-13T23:15:00Z,Atlanta Falcons,Buffalo Bills,betmgm,BetMGM,h2h,Atlanta Falcons,165,,2025-10-07T15:41:07Z
33e0adf378d2856ffe5f8452e7d5512d,americanfootball_nfl,2025-10-13T23:15:00Z,Atlanta Falcons,Buffalo Bills,betmgm,BetMGM,h2h,Buffalo Bills,-200,,2025-10-07T15:41:07Z
33e0adf378d2856ffe5f8452e7d5512d,americanfootball_nfl,2025-10-13T23:15:00Z,Atlanta Falcons,Buffalo Bills,betmgm,BetMGM,spreads,Atlanta Falcons,-115,4.0,2025-10-07T15:41:07Z
33e0adf378d2856ffe5f8452e7d5512d,americanfootball_nfl,2025-10-13T23:15:00Z,Atlanta Falcons,Buffalo Bills,betmgm,BetMGM,spreads,Buffalo Bills,-105,-4.0,2025-10-07T15:41:07Z
33e0adf378d2856ffe5f8452e7d5512d,americanfootball_nfl,2025-10-13T23:15:00Z,Atlanta Falcons,Buffalo Bills,betmgm,BetMGM,totals,Over,-110,48.5,2025-10-07T15:41:07Z
33e0adf378d2856ffe5f8452e7d5512d,americanfootball_nfl,2025-10-13T23:15:00Z,Atlanta Falcons,Buffalo Bills,betmgm,BetMGM,totals,Under,-110,48.5,2025-10-07T15:41:07Z
33e0adf378d2856ffe5f8452e7d5512d,americanfootball_nfl,2025-10-13T23:15:00Z,Atlanta Falcons,Buffalo Bills,betway,Betway,h2h,Atlanta Falcons,165,,2025-10-07T15:42:12Z
33e0adf378d2856ffe5f8452e7d5512d,americanfootball_nfl,2025-10-13T23:15:00Z,Atlanta Falcons,Buffalo Bills,betway,Betway,h2h,Buffalo Bills,-200,,2025-10-07T15:42:12Z
38366aa83a3eb6cef71a1134c4fceb2c,americanfootball_nfl,2025-10-14T00:16:00Z,Washington Commanders,Chicago Bears,draftkings,DraftKings,h2h,Chicago Bears,190,,2025-10-07T15:42:27Z
38366aa83a3eb6cef71a1134c4fceb2c,americanfootball_nfl,2025-10-14T00:16:00Z,Washington Commanders,Chicago Bears,draftkings,DraftKings,h2h,Washington Commanders,-230,,2025-10-07T15:42:27Z
38366aa83a3eb6cef71a1134c4fceb2c,americanfootball_nfl,2025-10-14T00:16:00Z,Washington Commanders,Chicago Bears,draftkings,DraftKings,spreads,Chicago Bears,-105,4.5,2025-10-07T15:42:27Z
38366aa83a3eb6cef71a1134c4fceb2c,americanfootball_nfl,2025-10-14T00:16:00Z,Washington Commanders,Chicago Bears,draftkings,DraftKings,spreads,Washington Commanders,-115,-4.5,2025-10-07T15:42:27Z
38366aa83a3eb6cef71a1134c4fceb2c,americanfootball_nfl,2025-10-14T00:16:00Z,Washington Commanders,Chicago Bears,draftkings,DraftKings,totals,Over,-105,50.5,2025-10-07T15:42:27Z
38366aa83a3eb6cef71a1134c4fceb2c,americanfootball_nfl,2025-10-14T00:16:00Z,Washington Commanders,Chicago Bears,draftkings,DraftKings,totals,Under,-115,50.5,2025-10-07T15:42:27Z
38366aa83a3eb6cef71a1134c4fceb2c,americanfootball_nfl,2025-10-14T00:16:00Z,Washington Commanders,Chicago Bears,espnbet,ESPN BET,h2h,Chicago Bears,190,,2025-10-07T15:42:28Z
38366aa83a3eb6cef71a1134c4fceb2c,americanfootball_nfl,2025-10-14T00:16:00Z,Washington Commanders,Chicago Bears,espnbet,ESPN BET,h2h,Washington Commanders,-225,,2025-10-07T15:42:28Z
38366aa83a3eb6cef71a1134c4fceb2c,americanfootball_nfl,2025-10-14T00:16:00Z,Washington Commanders,Chicago Bears,espnbet,ESPN BET,spreads,Chicago Bears,-115,4.5,2025-10-07T15:42:28Z
38366aa83a3eb6cef71a1134c4fceb2c,americanfootball_nfl,2025-10-14T00:16:00Z,Washington Commanders,Chicago Bears,espnbet,ESPN BET,spreads,Washington Commanders,-105,-4.5,2025-10-07T15:42:28Z
38366aa83a3eb6cef71a1134c4fceb2c,americanfootball_nfl,2025-10-14T00:16:00Z,Washington Commanders,Chicago Bears,espnbet,ESPN BET,totals,Over,100,50.5,2025-10-07T15:42:28Z
38366aa83a3eb6cef71a1134c4fceb2c,americanfootball_nfl,2025-10-14T00:16:00Z,Washington Commanders,Chicago Bears,espnbet,ESPN BET,totals,Under,-120,50.5,2025-10-07T15:42:28Z
38366aa83a3eb6cef71a1134c4fceb2c,americanfootball_nfl,2025-10-14T00:16:00Z,Washington Commanders,Chicago Bears,fanduel,FanDuel,h2h,Chicago Bears,188,,2025-10-07T15:42:19Z
38366aa83a3eb6cef71a1134c4fceb2c,americanfootball_nfl,2025-10-14T00:16:00Z,Washington Commanders,Chicago Bears,fanduel,FanDuel,h2h,Washington Commanders,-225,,2025-10-07T15:42:19Z
38366aa83a3eb6cef71a1134c4fceb2c,americanfootball_nfl,2025-10-14T00:16:00Z,Washington Commanders,Chicago Bears,fanduel,FanDuel,spreads,Chicago Bears,-112,4.5,2025-10-07T15:42:19Z
38366aa83a3eb6cef71a1134c4fceb2c,americanfootball_nfl,2025-10-14T00:16:00Z,Washington Commanders,Chicago Bears,fanduel,FanDuel,spreads,Washington Commanders,-108,-4.5,2025-10-07T15:42:19Z
38366aa83a3eb6cef71a1134c4fceb2c,americanfootball_nfl,2025-10-14T00:16:00Z,Washington Commanders,Chicago Bears,fanduel,FanDuel,totals,Over,-120,49.5,2025-10-07T15:42:19Z
38366aa83a3eb6cef71a1134c4fceb2c,americanfootball_nfl,2025-10-14T00:16:00Z,Washington Commanders,Chicago Bears,fanduel,FanDuel,totals,Under,-102,49.5,2025-10-07T15:42:19Z
38366aa83a3eb6cef71a1134c4fceb2c,americanfootball_nfl,2025-10-14T00:16:00Z,Washington Commanders,Chicago Bears,betmgm,BetMGM,h2h,Chicago Bears,185,,2025-10-07T15:41:07Z
38366aa83a3eb6cef71a1134c4fceb2c,americanfootball_nfl,2025-10-14T00:16:00Z,Washington Commanders,Chicago Bears,betmgm,BetMGM,h2h,Washington Commanders,-225,,2025-10-07T15:41:07Z
38366aa83a3eb6cef71a1134c4fceb2c,americanfootball_nfl,2025-10-14T00:16:00Z,Washington Commanders,Chicago Bears,betmgm,BetMGM,spreads,Chicago Bears,-110,4.5,2025-10-07T15:41:07Z
38366aa83a3eb6cef71a1134c4fceb2c,americanfootball_nfl,2025-10-14T00:16:00Z,Washington Commanders,Chicago Bears,betmgm,BetMGM,spreads,Washington Commanders,-110,-4.5,2025-10-07T15:41:07Z
38366aa83a3eb6cef71a1134c4fceb2c,americanfootball_nfl,2025-10-14T00:16:00Z,Washington Commanders,Chicago Bears,betmgm,BetMGM,totals,Over,-110,50.0,2025-10-07T15:41:07Z
38366aa83a3eb6cef71a1134c4fceb2c,americanfootball_nfl,2025-10-14T00:16:00Z,Washington Commanders,Chicago Bears,betmgm,BetMGM,totals,Under,-110,50.0,2025-10-07T15:41:07Z
38366aa83a3eb6cef71a1134c4fceb2c,americanfootball_nfl,2025-10-14T00:16:00Z,Washington Commanders,Chicago Bears,betway,Betway,h2h,Chicago Bears,185,,2025-10-07T15:42:12Z
38366aa83a3eb6cef71a1134c4fceb2c,americanfootball_nfl,2025-10-14T00:16:00Z,Washington Commanders,Chicago Bears,betway,Betway,h2h,Washington Commanders,-225,,2025-10-07T15:42:12Z
