game_id,sport_key,commence_time_utc,home_team,away_team,book,book_title,market,runner,price_american,point,last_update
c4b72eabb3d557e73022ec730d8e3944,americanfootball_nfl,2025-10-03T00:16:00Z,Los Angeles Rams,San Francisco 49ers,draftkings,DraftKings,h2h,Los Angeles Rams,-258,,2025-09-30T09:24:04Z
c4b72eabb3d557e73022ec730d8e3944,americanfootball_nfl,2025-10-03T00:16:00Z,Los Angeles Rams,San Francisco 49ers,draftkings,DraftKings,h2h,San Francisco 49ers,210,,2025-09-30T09:24:04Z
c4b72eabb3d557e73022ec730d8e3944,americanfootball_nfl,2025-10-03T00:16:00Z,Los Angeles Rams,San Francisco 49ers,draftkings,DraftKings,spreads,Los Angeles Rams,-112,-5.5,2025-09-30T09:24:04Z
c4b72eabb3d557e73022ec730d8e3944,americanfootball_nfl,2025-10-03T00:16:00Z,Los Angeles Rams,San Francisco 49ers,draftkings,DraftKings,spreads,San Francisco 49ers,-108,5.5,2025-09-30T09:24:04Z
c4b72eabb3d557e73022ec730d8e3944,americanfootball_nfl,2025-10-03T00:16:00Z,Los Angeles Rams,San Francisco 49ers,draftkings,DraftKings,totals,Over,-105,47.5,2025-09-30T09:24:04Z
c4b72eabb3d557e73022ec730d8e3944,americanfootball_nfl,2025-10-03T00:16:00Z,Los Angeles Rams,San Francisco 49ers,draftkings,DraftKings,totals,Under,-115,47.5,2025-09-30T09:24:04Z
c4b72eabb3d557e73022ec730d8e3944,americanfootball_nfl,2025-10-03T00:16:00Z,Los Angeles Rams,San Francisco 49ers,betmgm,BetMGM,h2h,Los Angeles Rams,-250,,2025-09-30T09:23:37Z
c4b72eabb3d557e73022ec730d8e3944,americanfootball_nfl,2025-10-03T00:16:00Z,Los Angeles Rams,San Francisco 49ers,betmgm,BetMGM,h2h,San Francisco 49ers,200,,2025-09-30T09:23:37Z
c4b72eabb3d557e73022ec730d8e3944,americanfootball_nfl,2025-10-03T00:16:00Z,Los Angeles Rams,San Francisco 49ers,betmgm,BetMGM,spreads,Los Angeles Rams,-110,-5.5,2025-09-30T09:23:37Z
c4b72eabb3d557e73022ec730d8e3944,americanfootball_nfl,2025-10-03T00:16:00Z,Los Angeles Rams,San Francisco 49ers,betmgm,BetMGM,spreads,San Francisco 49ers,-110,5.5,2025-09-30T09:23:37Z
c4b72eabb3d557e73022ec730d8e3944,americanfootball_nfl,2025-10-03T00:16:00Z,Los Angeles Rams,San Francisco 49ers,betmgm,BetMGM,totals,Over,-110,47.0,2025-09-30T09:23:37Z
c4b72eabb3d557e73022ec730d8e3944,americanfootball_nfl,2025-10-03T00:16:00Z,Los Angeles Rams,San Francisco 49ers,betmgm,BetMGM,totals,Under,-110,47.0,2025-09-30T09:23:37Z
c4b72eabb3d557e73022ec730d8e3944,americanfootball_nfl,2025-10-03T00:16:00Z,Los Angeles Rams,San Francisco 49ers,fanduel,FanDuel,h2h,Los Angeles Rams,-250,,2025-09-30T09:24:33Z
c4b72eabb3d557e73022ec730d8e3944,americanfootball_nfl,2025-10-03T00:16:00Z,Los Angeles Rams,San Francisco 49ers,fanduel,FanDuel,h2h,San Francisco 49ers,205,,2025-09-30T09:24:33Z
c4b72eabb3d557e73022ec730d8e3944,americanfootball_nfl,2025-10-03T00:16:00Z,Los Angeles Rams,San Francisco 49ers,fanduel,FanDuel,spreads,Los Angeles Rams,-105,-5.5,2025-09-30T09:24:33Z
c4b72eabb3d557e73022ec730d8e3944,americanfootball_nfl,2025-10-03T00:16:00Z,Los Angeles Rams,San Francisco 49ers,fanduel,FanDuel,spreads,San Francisco 49ers,-115,5.5,2025-09-30T09:24:33Z
c4b72eabb3d557e73022ec730d8e3944,americanfootball_nfl,2025-10-03T00:16:00Z,Los Angeles Rams,San Francisco 49ers,fanduel,FanDuel,totals,Over,-120,46.5,2025-09-30T09:24:33Z
c4b72eabb3d557e73022ec730d8e3944,americanfootball_nfl,2025-10-03T00:16:00Z,Los Angeles Rams,San Francisco 49ers,fanduel,FanDuel,totals,Under,-102,46.5,2025-09-30T09:24:33Z
6e206c7bc9379b07d27298a393305384,americanfootball_nfl,2025-10-05T13:31:00Z,Cleveland Browns,Minnesota Vikings,draftkings,DraftKings,h2h,Cleveland Browns,164,,2025-09-30T09:24:04Z
6e206c7bc9379b07d27298a393305384,americanfootball_nfl,2025-10-05T13:31:00Z,Cleveland Browns,Minnesota Vikings,draftkings,DraftKings,h2h,Minnesota Vikings,-198,,2025-09-30T09:24:04Z
6e206c7bc9379b07d27298a393305384,americanfootball_nfl,2025-10-05T13:31:00Z,Cleveland Browns,Minnesota Vikings,draftkings,DraftKings,spreads,Cleveland Browns,-115,4.5,2025-09-30T09:24:04Z
6e206c7bc9379b07d27298a393305384,americanfootball_nfl,2025-10-05T13:31:00Z,Cleveland Browns,Minnesota Vikings,draftkings,DraftKings,spreads,Minnesota Vikings,-105,-4.5,2025-09-30T09:24:04Z
6e206c7bc9379b07d27298a393305384,americanfootball_nfl,2025-10-05T13:31:00Z,Cleveland Browns,Minnesota Vikings,draftkings,DraftKings,totals,Over,-112,36.5,2025-09-30T09:24:04Z
6e206c7bc9379b07d27298a393305384,americanfootball_nfl,2025-10-05T13:31:00Z,Cleveland Browns,Minnesota Vikings,draftkings,DraftKings,totals,Under,-108,36.5,2025-09-30T09:24:04Z
6e206c7bc9379b07d27298a393305384,americanfootball_nfl,2025-10-05T13:31:00Z,Cleveland Browns,Minnesota Vikings,fanduel,FanDuel,h2h,Cleveland Browns,162,,2025-09-30T09:24:33Z
6e206c7bc9379b07d27298a393305384,americanfootball_nfl,2025-10-05T13:31:00Z,Cleveland Browns,Minnesota Vikings,fanduel,FanDuel,h2h,Minnesota Vikings,-194,,2025-09-30T09:24:33Z
6e206c7bc9379b07d27298a393305384,americanfootball_nfl,2025-10-05T13:31:00Z,Cleveland Browns,Minnesota Vikings,fanduel,FanDuel,spreads,Cleveland Browns,-112,3.5,2025-09-30T09:24:33Z
6e206c7bc9379b07d27298a393305384,americanfootball_nfl,2025-10-05T13:31:00Z,Cleveland Browns,Minnesota Vikings,fanduel,FanDuel,spreads,Minnesota Vikings,-108,-3.5,2025-09-30T09:24:33Z
6e206c7bc9379b07d27298a393305384,americanfootball_nfl,2025-10-05T13:31:00Z,Cleveland Browns,Minnesota Vikings,fanduel,FanDuel,totals,Over,-110,36.5,2025-09-30T09:24:33Z
6e206c7bc9379b07d27298a393305384,americanfootball_nfl,2025-10-05T13:31:00Z,Cleveland Browns,Minnesota Vikings,fanduel,FanDuel,totals,Under,-110,36.5,2025-09-30T09:24:33Z
6e206c7bc9379b07d27298a393305384,americanfootball_nfl,2025-10-05T13:31:00Z,Cleveland Browns,Minnesota Vikings,betmgm,BetMGM,h2h,Cleveland Browns,165,,2025-09-30T09:23:37Z
6e206c7bc9379b07d27298a393305384,americanfootball_nfl,2025-10-05T13:31:00Z,Cleveland Browns,Minnesota Vikings,betmgm,BetMGM,h2h,Minnesota Vikings,-200,,2025-09-30T09:23:37Z
6e206c7bc9379b07d27298a393305384,americanfootball_nfl,2025-10-05T13:31:00Z,Cleveland Browns,Minnesota Vikings,betmgm,BetMGM,spreads,Cleveland Browns,-110,3.5,2025-09-30T09:23:37Z
6e206c7bc9379b07d27298a393305384,americanfootball_nfl,2025-10-05T13:31:00Z,Cleveland Browns,Minnesota Vikings,betmgm,BetMGM,spreads,Minnesota Vikings,-110,-3.5,2025-09-30T09:23:37Z
6e206c7bc9379b07d27298a393305384,americanfootball_nfl,2025-10-05T13:31:00Z,Cleveland Browns,Minnesota Vikings,betmgm,BetMGM,totals,Over,-115,36.5,2025-09-30T09:23:37Z
6e206c7bc9379b07d27298a393305384,americanfootball_nfl,2025-10-05T13:31:00Z,Cleveland Browns,Minnesota Vikings,betmgm,BetMGM,totals,Under,-105,36.5,2025-09-30T09:23:37Z
6eb8eeff6a052455649ddd2a50e0a188,americanfootball_nfl,2025-10-05T17:01:00Z,Baltimore Ravens,Houston Texans,draftkings,DraftKings,h2h,Baltimore Ravens,-185,,2025-09-30T09:24:04Z
6eb8eeff6a052455649ddd2a50e0a188,americanfootball_nfl,2025-10-05T17:01:00Z,Baltimore Ravens,Houston Texans,draftkings,DraftKings,h2h,Houston Texans,154,,2025-09-30T09:24:04Z
6eb8eeff6a052455649ddd2a50e0a188,americanfootball_nfl,2025-10-05T17:01:00Z,Baltimore Ravens,Houston Texans,draftkings,DraftKings,spreads,Baltimore Ravens,-110,-3.5,2025-09-30T09:24:04Z
6eb8eeff6a052455649ddd2a50e0a188,americanfootball_nfl,2025-10-05T17:01:00Z,Baltimore Ravens,Houston Texans,draftkings,DraftKings,spreads,Houston Texans,-110,3.5,2025-09-30T09:24:04Z
6eb8eeff6a052455649ddd2a50e0a188,americanfootball_nfl,2025-10-05T17:01:00Z,Baltimore Ravens,Houston Texans,draftkings,DraftKings,totals,Over,-118,42.5,2025-09-30T09:24:04Z
6eb8eeff6a052455649ddd2a50e0a188,americanfootball_nfl,2025-10-05T17:01:00Z,Baltimore Ravens,Houston Texans,draftkings,DraftKings,totals,Under,-102,42.5,2025-09-30T09:24:04Z
6eb8eeff6a052455649ddd2a50e0a188,americanfootball_nfl,2025-10-05T17:01:00Z,Baltimore Ravens,Houston Texans,fanduel,FanDuel,h2h,Baltimore Ravens,-164,,2025-09-30T09:24:33Z
6eb8eeff6a052455649ddd2a50e0a188,americanfootball_nfl,2025-10-05T17:01:00Z,Baltimore Ravens,Houston Texans,fanduel,FanDuel,h2h,Houston Texans,138,,2025-09-30T09:24:33Z
6eb8eeff6a052455649ddd2a50e0a188,americanfootball_nfl,2025-10-05T17:01:00Z,Baltimore Ravens,Houston Texans,fanduel,FanDuel,spreads,Baltimore Ravens,100,-3.5,2025-09-30T09:24:33Z
6eb8eeff6a052455649ddd2a50e0a188,americanfootball_nfl,2025-10-05T17:01:00Z,Baltimore Ravens,Houston Texans,fanduel,FanDuel,spreads,Houston Texans,-122,3.5,2025-09-30T09:24:33Z
6eb8eeff6a052455649ddd2a50e0a188,americanfootball_nfl,2025-10-05T17:01:00Z,Baltimore Ravens,Houston Texans,fanduel,FanDuel,totals,Over,-112,43.5,2025-09-30T09:24:33Z
6eb8eeff6a052455649ddd2a50e0a188,americanfootball_nfl,2025-10-05T17:01:00Z,Baltimore Ravens,Houston Texans,fanduel,FanDuel,totals,Under,-108,43.5,2025-09-30T09:24:33Z
6eb8eeff6a052455649ddd2a50e0a188,americanfootball_nfl,2025-10-05T17:01:00Z,Baltimore Ravens,Houston Texans,betmgm,BetMGM,h2h,Baltimore Ravens,-165,,2025-09-30T09:23:37Z
6eb8eeff6a052455649ddd2a50e0a188,americanfootball_nfl,2025-10-05T17:01:00Z,Baltimore Ravens,Houston Texans,betmgm,BetMGM,h2h,Houston Texans,140,,2025-09-30T09:23:37Z
6eb8eeff6a052455649ddd2a50e0a188,americanfootball_nfl,2025-10-05T17:01:00Z,Baltimore Ravens,Houston Texans,betmgm,BetMGM,spreads,Baltimore Ravens,-110,-3.5,2025-09-30T09:23:37Z
6eb8eeff6a052455649ddd2a50e0a188,americanfootball_nfl,2025-10-05T17:01:00Z,Baltimore Ravens,Houston Texans,betmgm,BetMGM,spreads,Houston Texans,-110,3.5,2025-09-30T09:23:37Z
6eb8eeff6a052455649ddd2a50e0a188,americanfootball_nfl,2025-10-05T17:01:00Z,Baltimore Ravens,Houston Texans,betmgm,BetMGM,totals,Over,-105,43.5,2025-09-30T09:23:37Z
6eb8eeff6a052455649ddd2a50e0a188,americanfootball_nfl,2025-10-05T17:01:00Z,Baltimore Ravens,Houston Texans,betmgm,BetMGM,totals,Under,-115,43.5,2025-09-30T09:23:37Z
ff8222149317a63ffe50fcda777d14c0,americanfootball_nfl,2025-10-05T17:01:00Z,Carolina Panthers,Miami Dolphins,draftkings,DraftKings,h2h,Carolina Panthers,-118,,2025-09-30T09:24:04Z
ff8222149317a63ffe50fcda777d14c0,americanfootball_nfl,2025-10-05T17:01:00Z,Carolina Panthers,Miami Dolphins,draftkings,DraftKings,h2h,Miami Dolphins,-102,,2025-09-30T09:24:04Z
ff8222149317a63ffe50fcda777d14c0,americanfootball_nfl,2025-10-05T17:01:00Z,Carolina Panthers,Miami Dolphins,draftkings,DraftKings,spreads,Carolina Panthers,-102,-1.5,2025-09-30T09:24:04Z
ff8222149317a63ffe50fcda777d14c0,americanfootball_nfl,2025-10-05T17:01:00Z,Carolina Panthers,Miami Dolphins,draftkings,DraftKings,spreads,Miami Dolphins,-118,1.5,2025-09-30T09:24:04Z
ff8222149317a63ffe50fcda777d14c0,americanfootball_nfl,2025-10-05T17:01:00Z,Carolina Panthers,Miami Dolphins,draftkings,DraftKings,totals,Over,-105,45.5,2025-09-30T09:24:04Z
ff8222149317a63ffe50fcda777d14c0,americanfootball_nfl,2025-10-05T17:01:00Z,Carolina Panthers,Miami Dolphins,draftkings,DraftKings,totals,Under,-115,45.5,2025-09-30T09:24:04Z
ff8222149317a63ffe50fcda777d14c0,americanfootball_nfl,2025-10-05T17:01:00Z,Carolina Panthers,Miami Dolphins,fanduel,FanDuel,h2h,Carolina Panthers,-118,,2025-09-30T09:24:33Z
ff8222149317a63ffe50fcda777d14c0,americanfootball_nfl,2025-10-05T17:01:00Z,Carolina Panthers,Miami Dolphins,fanduel,FanDuel,h2h,Miami Dolphins,100,,2025-09-30T09:24:33Z
ff8222149317a63ffe50fcda777d14c0,americanfootball_nfl,2025-10-05T17:01:00Z,Carolina Panthers,Miami Dolphins,fanduel,FanDuel,spreads,Carolina Panthers,-105,-1.5,2025-09-30T09:24:33Z
ff8222149317a63ffe50fcda777d14c0,americanfootball_nfl,2025-10-05T17:01:00Z,Carolina Panthers,Miami Dolphins,fanduel,FanDuel,spreads,Miami Dolphins,-115,1.5,2025-09-30T09:24:33Z
ff8222149317a63ffe50fcda777d14c0,americanfootball_nfl,2025-10-05T17:01:00Z,Carolina Panthers,Miami Dolphins,fanduel,FanDuel,totals,Over,-105,44.5,2025-09-30T09:24:33Z
ff8222149317a63ffe50fcda777d14c0,americanfootball_nfl,2025-10-05T17:01:00Z,Carolina Panthers,Miami Dolphins,fanduel,FanDuel,totals,Under,-115,44.5,2025-09-30T09:24:33Z
df7e32f3c6cfaaa66de560906faabe32,americanfootball_nfl,2025-10-05T17:01:00Z,New York Jets,Dallas Cowboys,draftkings,DraftKings,h2h,Dallas Cowboys,-155,,2025-09-30T09:24:04Z
df7e32f3c6cfaaa66de560906faabe32,americanfootball_nfl,2025-10-05T17:01:00Z,New York Jets,Dallas Cowboys,draftkings,DraftKings,h2h,New York Jets,130,,2025-09-30T09:24:04Z
df7e32f3c6cfaaa66de560906faabe32,americanfootball_nfl,2025-10-05T17:01:00Z,New York Jets,Dallas Cowboys,draftkings,DraftKings,spreads,Dallas Cowboys,-108,-3.0,2025-09-30T09:24:04Z
df7e32f3c6cfaaa66de560906faabe32,americanfootball_nfl,2025-10-05T17:01:00Z,New York Jets,Dallas Cowboys,draftkings,DraftKings,spreads,New York Jets,-112,3.0,2025-09-30T09:24:04Z
df7e32f3c6cfaaa66de560906faabe32,americanfootball_nfl,2025-10-05T17:01:00Z,New York Jets,Dallas Cowboys,draftkings,DraftKings,totals,Over,-105,47.5,2025-09-30T09:24:04Z
df7e32f3c6cfaaa66de560906faabe32,americanfootball_nfl,2025-10-05T17:01:00Z,New York Jets,Dallas Cowboys,draftkings,DraftKings,totals,Under,-115,47.5,2025-09-30T09:24:04Z
df7e32f3c6cfaaa66de560906faabe32,americanfootball_nfl,2025-10-05T17:01:00Z,New York Jets,Dallas Cowboys,fanduel,FanDuel,h2h,Dallas Cowboys,-142,,2025-09-30T09:24:33Z
df7e32f3c6cfaaa66de560906faabe32,americanfootball_nfl,2025-10-05T17:01:00Z,New York Jets,Dallas Cowboys,fanduel,FanDuel,h2h,New York Jets,118,,2025-09-30T09:24:33Z
df7e32f3c6cfaaa66de560906faabe32,americanfootball_nfl,2025-10-05T17:01:00Z,New York Jets,Dallas Cowboys,fanduel,FanDuel,spreads,Dallas Cowboys,-115,-2.5,2025-09-30T09:24:33Z
df7e32f3c6cfaaa66de560906faabe32,americanfootball_nfl,2025-10-05T17:01:00Z,New York Jets,Dallas Cowboys,fanduel,FanDuel,spreads,New York Jets,-105,2.5,2025-09-30T09:24:33Z
df7e32f3c6cfaaa66de560906faabe32,americanfootball_nfl,2025-10-05T17:01:00Z,New York Jets,Dallas Cowboys,fanduel,FanDuel,totals,Over,-112,46.5,2025-09-30T09:24:33Z
df7e32f3c6cfaaa66de560906faabe32,americanfootball_nfl,2025-10-05T17:01:00Z,New York Jets,Dallas Cowboys,fanduel,FanDuel,totals,Under,-108,46.5,2025-09-30T09:24:33Z
df7e32f3c6cfaaa66de560906faabe32,americanfootball_nfl,2025-10-05T17:01:00Z,New York Jets,Dallas Cowboys,betmgm,BetMGM,h2h,Dallas Cowboys,-150,,2025-09-30T09:23:37Z
df7e32f3c6cfaaa66de560906faabe32,americanfootball_nfl,2025-10-05T17:01:00Z,New York Jets,Dallas Cowboys,betmgm,BetMGM,h2h,New York Jets,125,,2025-09-30T09:23:37Z
df7e32f3c6cfaaa66de560906faabe32,americanfootball_nfl,2025-10-05T17:01:00Z,New York Jets,Dallas Cowboys,betmgm,BetMGM,spreads,Dallas Cowboys,-118,-2.5,2025-09-30T09:23:37Z
df7e32f3c6cfaaa66de560906faabe32,americanfootball_nfl,2025-10-05T17:01:00Z,New York Jets,Dallas Cowboys,betmgm,BetMGM,spreads,New York Jets,-102,2.5,2025-09-30T09:23:37Z
df7e32f3c6cfaaa66de560906faabe32,americanfootball_nfl,2025-10-05T17:01:00Z,New York Jets,Dallas Cowboys,betmgm,BetMGM,totals,Over,-110,46.5,2025-09-30T09:23:37Z
df7e32f3c6cfaaa66de560906faabe32,americanfootball_nfl,2025-10-05T17:01:00Z,New York Jets,Dallas Cowboys,betmgm,BetMGM,totals,Under,-110,46.5,2025-09-30T09:23:37Z
bc4f9a719baf61261befad75f4bdb539,americanfootball_nfl,2025-10-05T17:01:00Z,Philadelphia Eagles,Denver Broncos,draftkings,DraftKings,h2h,Denver Broncos,180,,2025-09-30T09:24:04Z
bc4f9a719baf61261befad75f4bdb539,americanfootball_nfl,2025-10-05T17:01:00Z,Philadelphia Eagles,Denver Broncos,draftkings,DraftKings,h2h,Philadelphia Eagles,-218,,2025-09-30T09:24:04Z
bc4f9a719baf61261befad75f4bdb539,americanfootball_nfl,2025-10-05T17:01:00Z,Philadelphia Eagles,Denver Broncos,draftkings,DraftKings,spreads,Denver Broncos,-115,4.5,2025-09-30T09:24:04Z
bc4f9a719baf61261befad75f4bdb539,americanfootball_nfl,2025-10-05T17:01:00Z,Philadelphia Eagles,Denver Broncos,draftkings,DraftKings,spreads,Philadelphia Eagles,-105,-4.5,2025-09-30T09:24:04Z
bc4f9a719baf61261befad75f4bdb539,americanfootball_nfl,2025-10-05T17:01:00Z,Philadelphia Eagles,Denver Broncos,draftkings,DraftKings,totals,Over,-110,43.5,2025-09-30T09:24:04Z
bc4f9a719baf61261befad75f4bdb539,americanfootball_nfl,2025-10-05T17:01:00Z,Philadelphia Eagles,Denver Broncos,draftkings,DraftKings,totals,Under,-110,43.5,2025-09-30T09:24:04Z
bc4f9a719baf61261befad75f4bdb539,americanfootball_nfl,2025-10-05T17:01:00Z,Philadelphia Eagles,Denver Broncos,fanduel,FanDuel,h2h,Denver Broncos,180,,2025-09-30T09:24:33Z
bc4f9a719baf61261befad75f4bdb539,americanfootball_nfl,2025-10-05T17:01:00Z,Philadelphia Eagles,Denver Broncos,fanduel,FanDuel,h2h,Philadelphia Eagles,-215,,2025-09-30T09:24:33Z
bc4f9a719baf61261befad75f4bdb539,americanfootball_nfl,2025-10-05T17:01:00Z,Philadelphia Eagles,Denver Broncos,fanduel,FanDuel,spreads,Denver Broncos,-110,4.5,2025-09-30T09:24:33Z
bc4f9a719baf61261befad75f4bdb539,americanfootball_nfl,2025-10-05T17:01:00Z,Philadelphia Eagles,Denver Broncos,fanduel,FanDuel,spreads,Philadelphia Eagles,-110,-4.5,2025-09-30T09:24:33Z
bc4f9a719baf61261befad75f4bdb539,americanfootball_nfl,2025-10-05T17:01:00Z,Philadelphia Eagles,Denver Broncos,fanduel,FanDuel,totals,Over,-108,44.5,2025-09-30T09:24:33Z
bc4f9a719baf61261befad75f4bdb539,americanfootball_nfl,2025-10-05T17:01:00Z,Philadelphia Eagles,Denver Broncos,fanduel,FanDuel,totals,Under,-112,44.5,2025-09-30T09:24:33Z
bc4f9a719baf61261befad75f4bdb539,americanfootball_nfl,2025-10-05T17:01:00Z,Philadelphia Eagles,Denver Broncos,betmgm,BetMGM,h2h,Denver Broncos,185,,2025-09-30T09:23:37Z
bc4f9a719baf61261befad75f4bdb539,americanfootball_nfl,2025-10-05T17:01:00Z,Philadelphia Eagles,Denver Broncos,betmgm,BetMGM,h2h,Philadelphia Eagles,-225,,2025-09-30T09:23:37Z
bc4f9a719baf61261befad75f4bdb539,americanfootball_nfl,2025-10-05T17:01:00Z,Philadelphia Eagles,Denver Broncos,betmgm,BetMGM,spreads,Denver Broncos,-115,4.5,2025-09-30T09:23:37Z
bc4f9a719baf61261befad75f4bdb539,americanfootball_nfl,2025-10-05T17:01:00Z,Philadelphia Eagles,Denver Broncos,betmgm,BetMGM,spreads,Philadelphia Eagles,-105,-4.5,2025-09-30T09:23:37Z
bc4f9a719baf61261befad75f4bdb539,americanfootball_nfl,2025-10-05T17:01:00Z,Philadelphia Eagles,Denver Broncos,betmgm,BetMGM,totals,Over,-110,44.0,2025-09-30T09:23:37Z
bc4f9a719baf61261befad75f4bdb539,americanfootball_nfl,2025-10-05T17:01:00Z,Philadelphia Eagles,Denver Broncos,betmgm,BetMGM,totals,Under,-110,44.0,2025-09-30T09:23:37Z
1e3d3526039030b96471845ade5992cf,americanfootball_nfl,2025-10-05T17:01:00Z,Indianapolis Colts,Las Vegas Raiders,draftkings,DraftKings,h2h,Indianapolis Colts,-290,,2025-09-30T09:24:04Z
1e3d3526039030b96471845ade5992cf,americanfootball_nfl,2025-10-05T17:01:00Z,Indianapolis Colts,Las Vegas Raiders,draftkings,DraftKings,h2h,Las Vegas Raiders,235,,2025-09-30T09:24:04Z
1e3d3526039030b96471845ade5992cf,americanfootball_nfl,2025-10-05T17:01:00Z,Indianapolis Colts,Las Vegas Raiders,draftkings,DraftKings,spreads,Indianapolis Colts,-112,-6.5,2025-09-30T09:24:04Z
1e3d3526039030b96471845ade5992cf,americanfootball_nfl,2025-10-05T17:01:00Z,Indianapolis Colts,Las Vegas Raiders,draftkings,DraftKings,spreads,Las Vegas Raiders,-108,6.5,2025-09-30T09:24:04Z
1e3d3526039030b96471845ade5992cf,americanfootball_nfl,2025-10-05T17:01:00Z,Indianapolis Colts,Las Vegas Raiders,draftkings,DraftKings,totals,Over,-115,47.5,2025-09-30T09:24:04Z
1e3d3526039030b96471845ade5992cf,americanfootball_nfl,2025-10-05T17:01:00Z,Indianapolis Colts,Las Vegas Raiders,draftkings,DraftKings,totals,Under,-105,47.5,2025-09-30T09:24:04Z
1e3d3526039030b96471845ade5992cf,americanfootball_nfl,2025-10-05T17:01:00Z,Indianapolis Colts,Las Vegas Raiders,fanduel,FanDuel,h2h,Indianapolis Colts,-300,,2025-09-30T09:24:33Z
1e3d3526039030b96471845ade5992cf,americanfootball_nfl,2025-10-05T17:01:00Z,Indianapolis Colts,Las Vegas Raiders,fanduel,FanDuel,h2h,Las Vegas Raiders,245,,2025-09-30T09:24:33Z
1e3d3526039030b96471845ade5992cf,americanfootball_nfl,2025-10-05T17:01:00Z,Indianapolis Colts,Las Vegas Raiders,fanduel,FanDuel,spreads,Indianapolis Colts,-110,-6.5,2025-09-30T09:24:33Z
1e3d3526039030b96471845ade5992cf,americanfootball_nfl,2025-10-05T17:01:00Z,Indianapolis Colts,Las Vegas Raiders,fanduel,FanDuel,spreads,Las Vegas Raiders,-110,6.5,2025-09-30T09:24:33Z
1e3d3526039030b96471845ade5992cf,americanfootball_nfl,2025-10-05T17:01:00Z,Indianapolis Colts,Las Vegas Raiders,fanduel,FanDuel,totals,Over,-118,47.5,2025-09-30T09:24:33Z
1e3d3526039030b96471845ade5992cf,americanfootball_nfl,2025-10-05T17:01:00Z,Indianapolis Colts,Las Vegas Raiders,fanduel,FanDuel,totals,Under,-104,47.5,2025-09-30T09:24:33Z
1e3d3526039030b96471845ade5992cf,americanfootball_nfl,2025-10-05T17:01:00Z,Indianapolis Colts,Las Vegas Raiders,betmgm,BetMGM,h2h,Indianapolis Colts,-300,,2025-09-30T09:23:37Z
1e3d3526039030b96471845ade5992cf,americanfootball_nfl,2025-10-05T17:01:00Z,Indianapolis Colts,Las Vegas Raiders,betmgm,BetMGM,h2h,Las Vegas Raiders,240,,2025-09-30T09:23:37Z
1e3d3526039030b96471845ade5992cf,americanfootball_nfl,2025-10-05T17:01:00Z,Indianapolis Colts,Las Vegas Raiders,betmgm,BetMGM,spreads,Indianapolis Colts,-105,-7.0,2025-09-30T09:23:37Z
1e3d3526039030b96471845ade5992cf,americanfootball_nfl,2025-10-05T17:01:00Z,Indianapolis Colts,Las Vegas Raiders,betmgm,BetMGM,spreads,Las Vegas Raiders,-115,7.0,2025-09-30T09:23:37Z
1e3d3526039030b96471845ade5992cf,americanfootball_nfl,2025-10-05T17:01:00Z,Indianapolis Colts,Las Vegas Raiders,betmgm,BetMGM,totals,Over,-110,48.0,2025-09-30T09:23:37Z
1e3d3526039030b96471845ade5992cf,americanfootball_nfl,2025-10-05T17:01:00Z,Indianapolis Colts,Las Vegas Raiders,betmgm,BetMGM,totals,Under,-110,48.0,2025-09-30T09:23:37Z
1fe136913ef0e77717c0f0668163637f,americanfootball_nfl,2025-10-05T17:01:00Z,New Orleans Saints,New York Giants,draftkings,DraftKings,h2h,New Orleans Saints,-115,,2025-09-30T09:24:04Z
1fe136913ef0e77717c0f0668163637f,americanfootball_nfl,2025-10-05T17:01:00Z,New Orleans Saints,New York Giants,draftkings,DraftKings,h2h,New York Giants,-105,,2025-09-30T09:24:04Z
1fe136913ef0e77717c0f0668163637f,americanfootball_nfl,2025-10-05T17:01:00Z,New Orleans Saints,New York Giants,draftkings,DraftKings,spreads,New Orleans Saints,100,-1.5,2025-09-30T09:24:04Z
1fe136913ef0e77717c0f0668163637f,americanfootball_nfl,2025-10-05T17:01:00Z,New Orleans Saints,New York Giants,draftkings,DraftKings,spreads,New York Giants,-120,1.5,2025-09-30T09:24:04Z
1fe136913ef0e77717c0f0668163637f,americanfootball_nfl,2025-10-05T17:01:00Z,New Orleans Saints,New York Giants,draftkings,DraftKings,totals,Over,-115,40.5,2025-09-30T09:24:04Z
1fe136913ef0e77717c0f0668163637f,americanfootball_nfl,2025-10-05T17:01:00Z,New Orleans Saints,New York Giants,draftkings,DraftKings,totals,Under,-105,40.5,2025-09-30T09:24:04Z
1fe136913ef0e77717c0f0668163637f,americanfootball_nfl,2025-10-05T17:01:00Z,New Orleans Saints,New York Giants,fanduel,FanDuel,h2h,New Orleans Saints,-112,,2025-09-30T09:24:33Z
1fe136913ef0e77717c0f0668163637f,americanfootball_nfl,2025-10-05T17:01:00Z,New Orleans Saints,New York Giants,fanduel,FanDuel,h2h,New York Giants,-104,,2025-09-30T09:24:33Z
1fe136913ef0e77717c0f0668163637f,americanfootball_nfl,2025-10-05T17:01:00Z,New Orleans Saints,New York Giants,fanduel,FanDuel,spreads,New Orleans Saints,-102,-1.5,2025-09-30T09:24:33Z
1fe136913ef0e77717c0f0668163637f,americanfootball_nfl,2025-10-05T17:01:00Z,New Orleans Saints,New York Giants,fanduel,FanDuel,spreads,New York Giants,-120,1.5,2025-09-30T09:24:33Z
1fe136913ef0e77717c0f0668163637f,americanfootball_nfl,2025-10-05T17:01:00Z,New Orleans Saints,New York Giants,fanduel,FanDuel,totals,Over,-105,41.5,2025-09-30T09:24:33Z
1fe136913ef0e77717c0f0668163637f,americanfootball_nfl,2025-10-05T17:01:00Z,New Orleans Saints,New York Giants,fanduel,FanDuel,totals,Under,-115,41.5,2025-09-30T09:24:33Z
1fe136913ef0e77717c0f0668163637f,americanfootball_nfl,2025-10-05T17:01:00Z,New Orleans Saints,New York Giants,betmgm,BetMGM,h2h,New Orleans Saints,-110,,2025-09-30T09:23:37Z
1fe136913ef0e77717c0f0668163637f,americanfootball_nfl,2025-10-05T17:01:00Z,New Orleans Saints,New York Giants,betmgm,BetMGM,h2h,New York Giants,-110,,2025-09-30T09:23:37Z
1fe136913ef0e77717c0f0668163637f,americanfootball_nfl,2025-10-05T17:01:00Z,New Orleans Saints,New York Giants,betmgm,BetMGM,spreads,New Orleans Saints,-102,-1.0,2025-09-30T09:23:37Z
1fe136913ef0e77717c0f0668163637f,americanfootball_nfl,2025-10-05T17:01:00Z,New Orleans Saints,New York Giants,betmgm,BetMGM,spreads,New York Giants,-118,1.0,2025-09-30T09:23:37Z
1fe136913ef0e77717c0f0668163637f,americanfootball_nfl,2025-10-05T17:01:00Z,New Orleans Saints,New York Giants,betmgm,BetMGM,totals,Over,-110,40.5,2025-09-30T09:23:37Z
1fe136913ef0e77717c0f0668163637f,americanfootball_nfl,2025-10-05T17:01:00Z,New Orleans Saints,New York Giants,betmgm,BetMGM,totals,Under,-110,40.5,2025-09-30T09:23:37Z
8fa3fd86eaa7b432469d43b84904e1dc,americanfootball_nfl,2025-10-05T20:06:00Z,Arizona Cardinals,Tennessee Titans,draftkings,DraftKings,h2h,Arizona Cardinals,-410,,2025-09-30T09:24:04Z
8fa3fd86eaa7b432469d43b84904e1dc,americanfootball_nfl,2025-10-05T20:06:00Z,Arizona Cardinals,Tennessee Titans,draftkings,DraftKings,h2h,Tennessee Titans,320,,2025-09-30T09:24:04Z
8fa3fd86eaa7b432469d43b84904e1dc,americanfootball_nfl,2025-10-05T20:06:00Z,Arizona Cardinals,Tennessee Titans,draftkings,DraftKings,spreads,Arizona Cardinals,-110,-8.5,2025-09-30T09:24:04Z
8fa3fd86eaa7b432469d43b84904e1dc,americanfootball_nfl,2025-10-05T20:06:00Z,Arizona Cardinals,Tennessee Titans,draftkings,DraftKings,spreads,Tennessee Titans,-110,8.5,2025-09-30T09:24:04Z
8fa3fd86eaa7b432469d43b84904e1dc,americanfootball_nfl,2025-10-05T20:06:00Z,Arizona Cardinals,Tennessee Titans,draftkings,DraftKings,totals,Over,-105,41.5,2025-09-30T09:24:04Z
8fa3fd86eaa7b432469d43b84904e1dc,americanfootball_nfl,2025-10-05T20:06:00Z,Arizona Cardinals,Tennessee Titans,draftkings,DraftKings,totals,Under,-115,41.5,2025-09-30T09:24:04Z
8fa3fd86eaa7b432469d43b84904e1dc,americanfootball_nfl,2025-10-05T20:06:00Z,Arizona Cardinals,Tennessee Titans,fanduel,FanDuel,h2h,Arizona Cardinals,-500,,2025-09-30T09:24:33Z
8fa3fd86eaa7b432469d43b84904e1dc,americanfootball_nfl,2025-10-05T20:06:00Z,Arizona Cardinals,Tennessee Titans,fanduel,FanDuel,h2h,Tennessee Titans,385,,2025-09-30T09:24:33Z
8fa3fd86eaa7b432469d43b84904e1dc,americanfootball_nfl,2025-10-05T20:06:00Z,Arizona Cardinals,Tennessee Titans,fanduel,FanDuel,spreads,Arizona Cardinals,-115,-8.5,2025-09-30T09:24:33Z
8fa3fd86eaa7b432469d43b84904e1dc,americanfootball_nfl,2025-10-05T20:06:00Z,Arizona Cardinals,Tennessee Titans,fanduel,FanDuel,spreads,Tennessee Titans,-105,8.5,2025-09-30T09:24:33Z
8fa3fd86eaa7b432469d43b84904e1dc,americanfootball_nfl,2025-10-05T20:06:00Z,Arizona Cardinals,Tennessee Titans,fanduel,FanDuel,totals,Over,-105,41.5,2025-09-30T09:24:33Z
8fa3fd86eaa7b432469d43b84904e1dc,americanfootball_nfl,2025-10-05T20:06:00Z,Arizona Cardinals,Tennessee Titans,fanduel,FanDuel,totals,Under,-115,41.5,2025-09-30T09:24:33Z
8fa3fd86eaa7b432469d43b84904e1dc,americanfootball_nfl,2025-10-05T20:06:00Z,Arizona Cardinals,Tennessee Titans,betmgm,BetMGM,h2h,Arizona Cardinals,-450,,2025-09-30T09:23:37Z
8fa3fd86eaa7b432469d43b84904e1dc,americanfootball_nfl,2025-10-05T20:06:00Z,Arizona Cardinals,Tennessee Titans,betmgm,BetMGM,h2h,Tennessee Titans,350,,2025-09-30T09:23:37Z
8fa3fd86eaa7b432469d43b84904e1dc,americanfootball_nfl,2025-10-05T20:06:00Z,Arizona Cardinals,Tennessee Titans,betmgm,BetMGM,spreads,Arizona Cardinals,-115,-8.5,2025-09-30T09:23:37Z
8fa3fd86eaa7b432469d43b84904e1dc,americanfootball_nfl,2025-10-05T20:06:00Z,Arizona Cardinals,Tennessee Titans,betmgm,BetMGM,spreads,Tennessee Titans,-105,8.5,2025-09-30T09:23:37Z
8fa3fd86eaa7b432469d43b84904e1dc,americanfootball_nfl,2025-10-05T20:06:00Z,Arizona Cardinals,Tennessee Titans,betmgm,BetMGM,totals,Over,-110,41.5,2025-09-30T09:23:37Z
8fa3fd86eaa7b432469d43b84904e1dc,americanfootball_nfl,2025-10-05T20:06:00Z,Arizona Cardinals,Tennessee Titans,betmgm,BetMGM,totals,Under,-110,41.5,2025-09-30T09:23:37Z
6f5a22a3ca33478094cef1e9212ba0fc,americanfootball_nfl,2025-10-05T20:06:00Z,Seattle Seahawks,Tampa Bay Buccaneers,draftkings,DraftKings,h2h,Seattle Seahawks,-162,,2025-09-30T09:24:04Z
6f5a22a3ca33478094cef1e9212ba0fc,americanfootball_nfl,2025-10-05T20:06:00Z,Seattle Seahawks,Tampa Bay Buccaneers,draftkings,DraftKings,h2h,Tampa Bay Buccaneers,136,,2025-09-30T09:24:04Z
6f5a22a3ca33478094cef1e9212ba0fc,americanfootball_nfl,2025-10-05T20:06:00Z,Seattle Seahawks,Tampa Bay Buccaneers,draftkings,DraftKings,spreads,Seattle Seahawks,-112,-3.0,2025-09-30T09:24:04Z
6f5a22a3ca33478094cef1e9212ba0fc,americanfootball_nfl,2025-10-05T20:06:00Z,Seattle Seahawks,Tampa Bay Buccaneers,draftkings,DraftKings,spreads,Tampa Bay Buccaneers,-108,3.0,2025-09-30T09:24:04Z
6f5a22a3ca33478094cef1e9212ba0fc,americanfootball_nfl,2025-10-05T20:06:00Z,Seattle Seahawks,Tampa Bay Buccaneers,draftkings,DraftKings,totals,Over,-108,44.5,2025-09-30T09:24:04Z
6f5a22a3ca33478094cef1e9212ba0fc,americanfootball_nfl,2025-10-05T20:06:00Z,Seattle Seahawks,Tampa Bay Buccaneers,draftkings,DraftKings,totals,Under,-112,44.5,2025-09-30T09:24:04Z
6f5a22a3ca33478094cef1e9212ba0fc,americanfootball_nfl,2025-10-05T20:06:00Z,Seattle Seahawks,Tampa Bay Buccaneers,fanduel,FanDuel,h2h,Seattle Seahawks,-166,,2025-09-30T09:24:33Z
6f5a22a3ca33478094cef1e9212ba0fc,americanfootball_nfl,2025-10-05T20:06:00Z,Seattle Seahawks,Tampa Bay Buccaneers,fanduel,FanDuel,h2h,Tampa Bay Buccaneers,140,,2025-09-30T09:24:33Z
6f5a22a3ca33478094cef1e9212ba0fc,americanfootball_nfl,2025-10-05T20:06:00Z,Seattle Seahawks,Tampa Bay Buccaneers,fanduel,FanDuel,spreads,Seattle Seahawks,-118,-3.0,2025-09-30T09:24:33Z
6f5a22a3ca33478094cef1e9212ba0fc,americanfootball_nfl,2025-10-05T20:06:00Z,Seattle Seahawks,Tampa Bay Buccaneers,fanduel,FanDuel,spreads,Tampa Bay Buccaneers,-104,3.0,2025-09-30T09:24:33Z
6f5a22a3ca33478094cef1e9212ba0fc,americanfootball_nfl,2025-10-05T20:06:00Z,Seattle Seahawks,Tampa Bay Buccaneers,fanduel,FanDuel,totals,Over,-115,44.5,2025-09-30T09:24:33Z
6f5a22a3ca33478094cef1e9212ba0fc,americanfootball_nfl,2025-10-05T20:06:00Z,Seattle Seahawks,Tampa Bay Buccaneers,fanduel,FanDuel,totals,Under,-105,44.5,2025-09-30T09:24:33Z
6f5a22a3ca33478094cef1e9212ba0fc,americanfootball_nfl,2025-10-05T20:06:00Z,Seattle Seahawks,Tampa Bay Buccaneers,betmgm,BetMGM,h2h,Seattle Seahawks,-185,,2025-09-30T09:23:37Z
6f5a22a3ca33478094cef1e9212ba0fc,americanfootball_nfl,2025-10-05T20:06:00Z,Seattle Seahawks,Tampa Bay Buccaneers,betmgm,BetMGM,h2h,Tampa Bay Buccaneers,150,,2025-09-30T09:23:37Z
6f5a22a3ca33478094cef1e9212ba0fc,americanfootball_nfl,2025-10-05T20:06:00Z,Seattle Seahawks,Tampa Bay Buccaneers,betmgm,BetMGM,spreads,Seattle Seahawks,-102,-3.5,2025-09-30T09:23:37Z
6f5a22a3ca33478094cef1e9212ba0fc,americanfootball_nfl,2025-10-05T20:06:00Z,Seattle Seahawks,Tampa Bay Buccaneers,betmgm,BetMGM,spreads,Tampa Bay Buccaneers,-118,3.5,2025-09-30T09:23:37Z
6f5a22a3ca33478094cef1e9212ba0fc,americanfootball_nfl,2025-10-05T20:06:00Z,Seattle Seahawks,Tampa Bay Buccaneers,betmgm,BetMGM,totals,Over,-110,44.5,2025-09-30T09:23:37Z
6f5a22a3ca33478094cef1e9212ba0fc,americanfootball_nfl,2025-10-05T20:06:00Z,Seattle Seahawks,Tampa Bay Buccaneers,betmgm,BetMGM,totals,Under,-110,44.5,2025-09-30T09:23:37Z
e9de9c4390a28a90f437760050b23531,americanfootball_nfl,2025-10-05T20:26:00Z,Cincinnati Bengals,Detroit Lions,draftkings,DraftKings,h2h,Cincinnati Bengals,400,,2025-09-30T09:24:04Z
e9de9c4390a28a90f437760050b23531,americanfootball_nfl,2025-10-05T20:26:00Z,Cincinnati Bengals,Detroit Lions,draftkings,DraftKings,h2h,Detroit Lions,-535,,2025-09-30T09:24:04Z
e9de9c4390a28a90f437760050b23531,americanfootball_nfl,2025-10-05T20:26:00Z,Cincinnati Bengals,Detroit Lions,draftkings,DraftKings,spreads,Cincinnati Bengals,-105,10.0,2025-09-30T09:24:04Z
e9de9c4390a28a90f437760050b23531,americanfootball_nfl,2025-10-05T20:26:00Z,Cincinnati Bengals,Detroit Lions,draftkings,DraftKings,spreads,Detroit Lions,-115,-10.0,2025-09-30T09:24:04Z
e9de9c4390a28a90f437760050b23531,americanfootball_nfl,2025-10-05T20:26:00Z,Cincinnati Bengals,Detroit Lions,draftkings,DraftKings,totals,Over,-115,48.5,2025-09-30T09:24:04Z
e9de9c4390a28a90f437760050b23531,americanfootball_nfl,2025-10-05T20:26:00Z,Cincinnati Bengals,Detroit Lions,draftkings,DraftKings,totals,Under,-105,48.5,2025-09-30T09:24:04Z
e9de9c4390a28a90f437760050b23531,americanfootball_nfl,2025-10-05T20:26:00Z,Cincinnati Bengals,Detroit Lions,fanduel,FanDuel,h2h,Cincinnati Bengals,360,,2025-09-30T09:24:33Z
e9de9c4390a28a90f437760050b23531,americanfootball_nfl,2025-10-05T20:26:00Z,Cincinnati Bengals,Detroit Lions,fanduel,FanDuel,h2h,Detroit Lions,-460,,2025-09-30T09:24:33Z
e9de9c4390a28a90f437760050b23531,americanfootball_nfl,2025-10-05T20:26:00Z,Cincinnati Bengals,Detroit Lions,fanduel,FanDuel,spreads,Cincinnati Bengals,-105,9.5,2025-09-30T09:24:33Z
e9de9c4390a28a90f437760050b23531,americanfootball_nfl,2025-10-05T20:26:00Z,Cincinnati Bengals,Detroit Lions,fanduel,FanDuel,spreads,Detroit Lions,-115,-9.5,2025-09-30T09:24:33Z
e9de9c4390a28a90f437760050b23531,americanfootball_nfl,2025-10-05T20:26:00Z,Cincinnati Bengals,Detroit Lions,fanduel,FanDuel,totals,Over,-105,49.5,2025-09-30T09:24:33Z
e9de9c4390a28a90f437760050b23531,americanfootball_nfl,2025-10-05T20:26:00Z,Cincinnati Bengals,Detroit Lions,fanduel,FanDuel,totals,Under,-115,49.5,2025-09-30T09:24:33Z
e9de9c4390a28a90f437760050b23531,americanfootball_nfl,2025-10-05T20:26:00Z,Cincinnati Bengals,Detroit Lions,betmgm,BetMGM,h2h,Cincinnati Bengals,375,,2025-09-30T09:23:37Z
e9de9c4390a28a90f437760050b23531,americanfootball_nfl,2025-10-05T20:26:00Z,Cincinnati Bengals,Detroit Lions,betmgm,BetMGM,h2h,Detroit Lions,-500,,2025-09-30T09:23:37Z
e9de9c4390a28a90f437760050b23531,americanfootball_nfl,2025-10-05T20:26:00Z,Cincinnati Bengals,Detroit Lions,betmgm,BetMGM,spreads,Cincinnati Bengals,-105,9.5,2025-09-30T09:23:37Z
e9de9c4390a28a90f437760050b23531,americanfootball_nfl,2025-10-05T20:26:00Z,Cincinnati Bengals,Detroit Lions,betmgm,BetMGM,spreads,Detroit Lions,-115,-9.5,2025-09-30T09:23:37Z
e9de9c4390a28a90f437760050b23531,americanfootball_nfl,2025-10-05T20:26:00Z,Cincinnati Bengals,Detroit Lions,betmgm,BetMGM,totals,Over,-110,49.5,2025-09-30T09:23:37Z
e9de9c4390a28a90f437760050b23531,americanfootball_nfl,2025-10-05T20:26:00Z,Cincinnati Bengals,Detroit Lions,betmgm,BetMGM,totals,Under,-110,49.5,2025-09-30T09:23:37Z
79c4e9f40e2647dc2a7b377cf61c48cd,americanfootball_nfl,2025-10-05T20:26:00Z,Los Angeles Chargers,Washington Commanders,draftkings,DraftKings,h2h,Los Angeles Chargers,-142,,2025-09-30T09:24:04Z
79c4e9f40e2647dc2a7b377cf61c48cd,americanfootball_nfl,2025-10-05T20:26:00Z,Los Angeles Chargers,Washington Commanders,draftkings,DraftKings,h2h,Washington Commanders,120,,2025-09-30T09:24:04Z
79c4e9f40e2647dc2a7b377cf61c48cd,americanfootball_nfl,2025-10-05T20:26:00Z,Los Angeles Chargers,Washington Commanders,draftkings,DraftKings,spreads,Los Angeles Chargers,-115,-2.5,2025-09-30T09:24:04Z
79c4e9f40e2647dc2a7b377cf61c48cd,americanfootball_nfl,2025-10-05T20:26:00Z,Los Angeles Chargers,Washington Commanders,draftkings,DraftKings,spreads,Washington Commanders,-105,2.5,2025-09-30T09:24:04Z
79c4e9f40e2647dc2a7b377cf61c48cd,americanfootball_nfl,2025-10-05T20:26:00Z,Los Angeles Chargers,Washington Commanders,draftkings,DraftKings,totals,Over,-110,47.5,2025-09-30T09:24:04Z
79c4e9f40e2647dc2a7b377cf61c48cd,americanfootball_nfl,2025-10-05T20:26:00Z,Los Angeles Chargers,Washington Commanders,draftkings,DraftKings,totals,Under,-110,47.5,2025-09-30T09:24:04Z
79c4e9f40e2647dc2a7b377cf61c48cd,americanfootball_nfl,2025-10-05T20:26:00Z,Los Angeles Chargers,Washington Commanders,fanduel,FanDuel,h2h,Los Angeles Chargers,-158,,2025-09-30T09:24:33Z
79c4e9f40e2647dc2a7b377cf61c48cd,americanfootball_nfl,2025-10-05T20:26:00Z,Los Angeles Chargers,Washington Commanders,fanduel,FanDuel,h2h,Washington Commanders,134,,2025-09-30T09:24:33Z
79c4e9f40e2647dc2a7b377cf61c48cd,americanfootball_nfl,2025-10-05T20:26:00Z,Los Angeles Chargers,Washington Commanders,fanduel,FanDuel,spreads,Los Angeles Chargers,-120,-2.5,2025-09-30T09:24:33Z
79c4e9f40e2647dc2a7b377cf61c48cd,americanfootball_nfl,2025-10-05T20:26:00Z,Los Angeles Chargers,Washington Commanders,fanduel,FanDuel,spreads,Washington Commanders,-102,2.5,2025-09-30T09:24:33Z
79c4e9f40e2647dc2a7b377cf61c48cd,americanfootball_nfl,2025-10-05T20:26:00Z,Los Angeles Chargers,Washington Commanders,fanduel,FanDuel,totals,Over,-115,47.5,2025-09-30T09:24:33Z
79c4e9f40e2647dc2a7b377cf61c48cd,americanfootball_nfl,2025-10-05T20:26:00Z,Los Angeles Chargers,Washington Commanders,fanduel,FanDuel,totals,Under,-105,47.5,2025-09-30T09:24:33Z
79c4e9f40e2647dc2a7b377cf61c48cd,americanfootball_nfl,2025-10-05T20:26:00Z,Los Angeles Chargers,Washington Commanders,betmgm,BetMGM,h2h,Los Angeles Chargers,-150,,2025-09-30T09:23:37Z
79c4e9f40e2647dc2a7b377cf61c48cd,americanfootball_nfl,2025-10-05T20:26:00Z,Los Angeles Chargers,Washington Commanders,betmgm,BetMGM,h2h,Washington Commanders,125,,2025-09-30T09:23:37Z
79c4e9f40e2647dc2a7b377cf61c48cd,americanfootball_nfl,2025-10-05T20:26:00Z,Los Angeles Chargers,Washington Commanders,betmgm,BetMGM,spreads,Los Angeles Chargers,-118,-2.5,2025-09-30T09:23:37Z
79c4e9f40e2647dc2a7b377cf61c48cd,americanfootball_nfl,2025-10-05T20:26:00Z,Los Angeles Chargers,Washington Commanders,betmgm,BetMGM,spreads,Washington Commanders,-102,2.5,2025-09-30T09:23:37Z
79c4e9f40e2647dc2a7b377cf61c48cd,americanfootball_nfl,2025-10-05T20:26:00Z,Los Angeles Chargers,Washington Commanders,betmgm,BetMGM,totals,Over,-110,47.5,2025-09-30T09:23:37Z
79c4e9f40e2647dc2a7b377cf61c48cd,americanfootball_nfl,2025-10-05T20:26:00Z,Los Angeles Chargers,Washington Commanders,betmgm,BetMGM,totals,Under,-110,47.5,2025-09-30T09:23:37Z
ba826e757d625a676452b8d3d6971bb0,americanfootball_nfl,2025-10-06T00:21:00Z,Buffalo Bills,New England Patriots,draftkings,DraftKings,h2h,Buffalo Bills,-395,,2025-09-30T09:24:04Z
ba826e757d625a676452b8d3d6971bb0,americanfootball_nfl,2025-10-06T00:21:00Z,Buffalo Bills,New England Patriots,draftkings,DraftKings,h2h,New England Patriots,310,,2025-09-30T09:24:04Z
ba826e757d625a676452b8d3d6971bb0,americanfootball_nfl,2025-10-06T00:21:00Z,Buffalo Bills,New England Patriots,draftkings,DraftKings,spreads,Buffalo Bills,-108,-8.5,2025-09-30T09:24:04Z
ba826e757d625a676452b8d3d6971bb0,americanfootball_nfl,2025-10-06T00:21:00Z,Buffalo Bills,New England Patriots,draftkings,DraftKings,spreads,New England Patriots,-112,8.5,2025-09-30T09:24:04Z
ba826e757d625a676452b8d3d6971bb0,americanfootball_nfl,2025-10-06T00:21:00Z,Buffalo Bills,New England Patriots,draftkings,DraftKings,totals,Over,-110,49.5,2025-09-30T09:24:04Z
ba826e757d625a676452b8d3d6971bb0,americanfootball_nfl,2025-10-06T00:21:00Z,Buffalo Bills,New England Patriots,draftkings,DraftKings,totals,Under,-110,49.5,2025-09-30T09:24:04Z
ba826e757d625a676452b8d3d6971bb0,americanfootball_nfl,2025-10-06T00:21:00Z,Buffalo Bills,New England Patriots,betmgm,BetMGM,h2h,Buffalo Bills,-425,,2025-09-30T09:23:37Z
ba826e757d625a676452b8d3d6971bb0,americanfootball_nfl,2025-10-06T00:21:00Z,Buffalo Bills,New England Patriots,betmgm,BetMGM,h2h,New England Patriots,325,,2025-09-30T09:23:37Z
ba826e757d625a676452b8d3d6971bb0,americanfootball_nfl,2025-10-06T00:21:00Z,Buffalo Bills,New England Patriots,betmgm,BetMGM,spreads,Buffalo Bills,-110,-7.5,2025-09-30T09:23:37Z
ba826e757d625a676452b8d3d6971bb0,americanfootball_nfl,2025-10-06T00:21:00Z,Buffalo Bills,New England Patriots,betmgm,BetMGM,spreads,New England Patriots,-110,7.5,2025-09-30T09:23:37Z
ba826e757d625a676452b8d3d6971bb0,americanfootball_nfl,2025-10-06T00:21:00Z,Buffalo Bills,New England Patriots,betmgm,BetMGM,totals,Over,-115,49.5,2025-09-30T09:23:37Z
ba826e757d625a676452b8d3d6971bb0,americanfootball_nfl,2025-10-06T00:21:00Z,Buffalo Bills,New England Patriots,betmgm,BetMGM,totals,Under,-105,49.5,2025-09-30T09:23:37Z
ba826e757d625a676452b8d3d6971bb0,americanfootball_nfl,2025-10-06T00:21:00Z,Buffalo Bills,New England Patriots,fanduel,FanDuel,h2h,Buffalo Bills,-450,,2025-09-30T09:24:33Z
ba826e757d625a676452b8d3d6971bb0,americanfootball_nfl,2025-10-06T00:21:00Z,Buffalo Bills,New England Patriots,fanduel,FanDuel,h2h,New England Patriots,350,,2025-09-30T09:24:33Z
ba826e757d625a676452b8d3d6971bb0,americanfootball_nfl,2025-10-06T00:21:00Z,Buffalo Bills,New England Patriots,fanduel,FanDuel,spreads,Buffalo Bills,-105,-8.5,2025-09-30T09:24:33Z
ba826e757d625a676452b8d3d6971bb0,americanfootball_nfl,2025-10-06T00:21:00Z,Buffalo Bills,New England Patriots,fanduel,FanDuel,spreads,New England Patriots,-115,8.5,2025-09-30T09:24:33Z
ba826e757d625a676452b8d3d6971bb0,americanfootball_nfl,2025-10-06T00:21:00Z,Buffalo Bills,New England Patriots,fanduel,FanDuel,totals,Over,-105,50.5,2025-09-30T09:24:33Z
ba826e757d625a676452b8d3d6971bb0,americanfootball_nfl,2025-10-06T00:21:00Z,Buffalo Bills,New England Patriots,fanduel,FanDuel,totals,Under,-115,50.5,2025-09-30T09:24:33Z
1910db6879dddf37e4f86f0bcf1c9547,americanfootball_nfl,2025-10-07T00:16:00Z,Jacksonville Jaguars,Kansas City Chiefs,draftkings,DraftKings,h2h,Jacksonville Jaguars,154,,2025-09-30T09:24:04Z
1910db6879dddf37e4f86f0bcf1c9547,americanfootball_nfl,2025-10-07T00:16:00Z,Jacksonville Jaguars,Kansas City Chiefs,draftkings,DraftKings,h2h,Kansas City Chiefs,-185,,2025-09-30T09:24:04Z
1910db6879dddf37e4f86f0bcf1c9547,americanfootball_nfl,2025-10-07T00:16:00Z,Jacksonville Jaguars,Kansas City Chiefs,draftkings,DraftKings,spreads,Jacksonville Jaguars,-115,3.5,2025-09-30T09:24:04Z
1910db6879dddf37e4f86f0bcf1c9547,americanfootball_nfl,2025-10-07T00:16:00Z,Jacksonville Jaguars,Kansas City Chiefs,draftkings,DraftKings,spreads,Kansas City Chiefs,-105,-3.5,2025-09-30T09:24:04Z
1910db6879dddf37e4f86f0bcf1c9547,americanfootball_nfl,2025-10-07T00:16:00Z,Jacksonville Jaguars,Kansas City Chiefs,draftkings,DraftKings,totals,Over,-110,45.5,2025-09-30T09:24:04Z
1910db6879dddf37e4f86f0bcf1c9547,americanfootball_nfl,2025-10-07T00:16:00Z,Jacksonville Jaguars,Kansas City Chiefs,draftkings,DraftKings,totals,Under,-110,45.5,2025-09-30T09:24:04Z
1910db6879dddf37e4f86f0bcf1c9547,americanfootball_nfl,2025-10-07T00:16:00Z,Jacksonville Jaguars,Kansas City Chiefs,fanduel,FanDuel,h2h,Jacksonville Jaguars,148,,2025-09-30T09:24:33Z
1910db6879dddf37e4f86f0bcf1c9547,americanfootball_nfl,2025-10-07T00:16:00Z,Jacksonville Jaguars,Kansas City Chiefs,fanduel,FanDuel,h2h,Kansas City Chiefs,-176,,2025-09-30T09:24:33Z
1910db6879dddf37e4f86f0bcf1c9547,americanfootball_nfl,2025-10-07T00:16:00Z,Jacksonville Jaguars,Kansas City Chiefs,fanduel,FanDuel,spreads,Jacksonville Jaguars,-104,3.0,2025-09-30T09:24:33Z
1910db6879dddf37e4f86f0bcf1c9547,americanfootball_nfl,2025-10-07T00:16:00Z,Jacksonville Jaguars,Kansas City Chiefs,fanduel,FanDuel,spreads,Kansas City Chiefs,-118,-3.0,2025-09-30T09:24:33Z
1910db6879dddf37e4f86f0bcf1c9547,americanfootball_nfl,2025-10-07T00:16:00Z,Jacksonville Jaguars,Kansas City Chiefs,fanduel,FanDuel,totals,Over,-110,45.5,2025-09-30T09:24:33Z
1910db6879dddf37e4f86f0bcf1c9547,americanfootball_nfl,2025-10-07T00:16:00Z,Jacksonville Jaguars,Kansas City Chiefs,fanduel,FanDuel,totals,Under,-110,45.5,2025-09-30T09:24:33Z
1910db6879dddf37e4f86f0bcf1c9547,americanfootball_nfl,2025-10-07T00:16:00Z,Jacksonville Jaguars,Kansas City Chiefs,betmgm,BetMGM,h2h,Jacksonville Jaguars,145,,2025-09-30T09:23:37Z
1910db6879dddf37e4f86f0bcf1c9547,americanfootball_nfl,2025-10-07T00:16:00Z,Jacksonville Jaguars,Kansas City Chiefs,betmgm,BetMGM,h2h,Kansas City Chiefs,-175,,2025-09-30T09:23:37Z
1910db6879dddf37e4f86f0bcf1c9547,americanfootball_nfl,2025-10-07T00:16:00Z,Jacksonville Jaguars,Kansas City Chiefs,betmgm,BetMGM,spreads,Jacksonville Jaguars,-118,3.5,2025-09-30T09:23:37Z
1910db6879dddf37e4f86f0bcf1c9547,americanfootball_nfl,2025-10-07T00:16:00Z,Jacksonville Jaguars,Kansas City Chiefs,betmgm,BetMGM,spreads,Kansas City Chiefs,-102,-3.5,2025-09-30T09:23:37Z
1910db6879dddf37e4f86f0bcf1c9547,americanfootball_nfl,2025-10-07T00:16:00Z,Jacksonville Jaguars,Kansas City Chiefs,betmgm,BetMGM,totals,Over,-110,45.5,2025-09-30T09:23:37Z
1910db6879dddf37e4f86f0bcf1c9547,americanfootball_nfl,2025-10-07T00:16:00Z,Jacksonville Jaguars,Kansas City Chiefs,betmgm,BetMGM,totals,Under,-110,45.5,2025-09-30T09:23:37Z
