season,season_type,week,game_date_utc,game_time_utc,home_team,away_team,home_abbr,away_abbr,home_team_full,away_team_full,venue,venue_city,venue_state,source,source_event_id,game_datetime_local,home_gsis_id,away_gsis_id,home_pfr_id,away_pfr_id,home_espn_id,away_espn_id,home_sportradar_id,away_sportradar_id,canonical_game_id,canonical_hash
2024,,1,,,BUF,ARI,BUF,ARI,,,New Era Field,,,,,,BUF,ARI,buf,crd,2,22,BUF,ARI,2024-nan-01-ARI@BUF,5a3b2117eaaaee03d48fb1f2f2bcc5369334430c
2024,,1,,,KC,BAL,KC,BAL,,,GEHA Field at Arrowhead Stadium,,,,,,KC,BAL,kan,rav,12,33,KC,BAL,2024-nan-01-BAL@KC,a363d902302964759ef228bb0f6cd1cab0d1739b
2024,,1,,,NO,CAR,NO,CAR,,,Mercedes-Benz Superdome,,,,,,NO,CAR,nor,car,18,29,NO,CAR,2024-nan-01-CAR@NO,709c2c0b25eb8f71e4bce6e38d072bdbf1130553
2024,,1,,,CLE,DAL,CLE,DAL,,,FirstEnergy Stadium,,,,,,CLE,DAL,cle,dal,5,6,CLE,DAL,2024-nan-01-DAL@CLE,6f96dc59f92da63f314dde35e252f68ab21c6fd2
2024,,1,,,SEA,DEN,SEA,DEN,,,Lumen Field,,,,,,SEA,DEN,sea,den,26,7,SEA,DEN,2024-nan-01-DEN@SEA,7a5887c6b4955e4ccc1ef25dceb3f4befabe6630
2024,,1,,,PHI,GB,PHI,GB,,,Arena Corinthians,,,,,,PHI,GB,phi,gnb,21,9,PHI,GB,2024-nan-01-GB@PHI,89123db58ab03e06ad6d3b2b18fbf9024ce570da
2024,,1,,,IND,HOU,IND,HOU,,,Lucas Oil Stadium,,,,,,IND,HOU,clt,htx,11,34,IND,HOU,2024-nan-01-HOU@IND,c90abe2906db6b98369151ede90ea50feac81c55
2024,,1,,,MIA,JAX,MIA,JAX,,,Hard Rock Stadium,,,,,,MIA,JAX,mia,jax,15,30,MIA,JAX,2024-nan-01-JAX@MIA,d00931f95ca1877b7364c0548d9375d9e786232b
2024,,1,,,DET,LA,DET,LA,,,Ford Field,,,,,,DET,LA,det,ram,8,14,DET,LA,2024-nan-01-LA@DET,29066b0fda59bb021f1653cac11701636e008035
2024,,1,,,LAC,LV,LAC,LV,,,SoFi Stadium,,,,,,LAC,LV,sdg,rai,24,13,LAC,LV,2024-nan-01-LV@LAC,d014eef65c06b74b737a4aa46b8c9c2a009f6034
2024,,1,,,NYG,MIN,NYG,MIN,,,MetLife Stadium,,,,,,NYG,MIN,nyg,min,19,16,NYG,MIN,2024-nan-01-MIN@NYG,340553c65f612eb1cdaf67eccf99251eaf549f32
2024,,1,,,CIN,NE,CIN,NE,,,Paycor Stadium,,,,,,CIN,NE,cin,nwe,4,17,CIN,NE,2024-nan-01-NE@CIN,bc26314ee6a56a43c67461930aaea2306f65f77d
2024,,1,,,SF,NYJ,SF,NYJ,,,Levi's Stadium,,,,,,SF,NYJ,sfo,nyj,25,20,SF,NYJ,2024-nan-01-NYJ@SF,c35ebc47a05a59e0e4ba7f6a61fa7a130f4accb5
2024,,1,,,ATL,PIT,ATL,PIT,,,Mercedes-Benz Stadium,,,,,,ATL,PIT,atl,pit,1,23,ATL,PIT,2024-nan-01-PIT@ATL,93eab9cdab20ba1321f031bd68606151b06778b9
2024,,1,,,CHI,TEN,CHI,TEN,,,Soldier Field,,,,,,CHI,TEN,chi,oti,3,10,CHI,TEN,2024-nan-01-TEN@CHI,939da50f01829d2b6491613db3af2dae044b746f
2024,,1,,,TB,WAS,TB,WAS,,,Raymond James Stadium,,,,,,TB,WAS,tam,was,27,28,TB,WAS,2024-nan-01-WAS@TB,c3449e189aa39cc621c9ba0a7b025736723de3e2
2024,,2,,,PHI,ATL,PHI,ATL,,,Lincoln Financial Field,,,,,,PHI,ATL,phi,atl,21,1,PHI,ATL,2024-nan-02-ATL@PHI,090f0d5338244e80a91b934ae4b5e548c68d258d
2024,,2,,,MIA,BUF,MIA,BUF,,,Hard Rock Stadium,,,,,,MIA,BUF,mia,buf,15,2,MIA,BUF,2024-nan-02-BUF@MIA,b02d55aa5aa30012979c0a9d210adb9fb884366d
2024,,2,,,HOU,CHI,HOU,CHI,,,NRG Stadium,,,,,,HOU,CHI,htx,chi,34,3,HOU,CHI,2024-nan-02-CHI@HOU,e447934fe15dbcf4fe351785ef441cae9103fc60
2024,,2,,,KC,CIN,KC,CIN,,,GEHA Field at Arrowhead Stadium,,,,,,KC,CIN,kan,cin,12,4,KC,CIN,2024-nan-02-CIN@KC,66eb9689b6fe3562ab2608b41e5aa470262ddb42
2024,,2,,,JAX,CLE,JAX,CLE,,,TIAA Bank Stadium,,,,,,JAX,CLE,jax,cle,30,5,JAX,CLE,2024-nan-02-CLE@JAX,5302e6d90bee108c180cb4ef69410bc086a6c267
2024,,2,,,GB,IND,GB,IND,,,Lambeau Field,,,,,,GB,IND,gnb,clt,9,11,GB,IND,2024-nan-02-IND@GB,cce443c6c5a4954d4769e501421e9843fe2b89d5
2024,,2,,,CAR,LAC,CAR,LAC,,,Bank of America Stadium,,,,,,CAR,LAC,car,sdg,29,24,CAR,LAC,2024-nan-02-LAC@CAR,eb4e202c1bd3a12f652160ba5ec97acffae7a056
2024,,2,,,ARI,LA,ARI,LA,,,State Farm Stadium,,,,,,ARI,LA,crd,ram,22,14,ARI,LA,2024-nan-02-LA@ARI,d9b329506045c4f2766df2f04323c63751e9d47d
2024,,2,,,BAL,LV,BAL,LV,,,M&T Bank Stadium,,,,,,BAL,LV,rav,rai,33,13,BAL,LV,2024-nan-02-LV@BAL,8d84a4cc8b7e2b213e72629a6a9f2933461ce313
2024,,2,,,DAL,NO,DAL,NO,,,AT&T Stadium,,,,,,DAL,NO,dal,nor,6,18,DAL,NO,2024-nan-02-NO@DAL,16c9f2669ebd6dc0931225772f41000bf151be81
2024,,2,,,WAS,NYG,WAS,NYG,,,FedExField,,,,,,WAS,NYG,was,nyg,28,19,WAS,NYG,2024-nan-02-NYG@WAS,0a9f44f5db938254e3f7562b5a2cb897aa4c1355
2024,,2,,,TEN,NYJ,TEN,NYJ,,,Nissan Stadium,,,,,,TEN,NYJ,oti,nyj,10,20,TEN,NYJ,2024-nan-02-NYJ@TEN,2dafc73e4233b0069399990943fb0107d4cd89fd
2024,,2,,,DEN,PIT,DEN,PIT,,,Empower Field at Mile High,,,,,,DEN,PIT,den,pit,7,23,DEN,PIT,2024-nan-02-PIT@DEN,4f733958114bb17d1bfa91bf28d174ff3b3f0f0e
2024,,2,,,NE,SEA,NE,SEA,,,Gillette Stadium,,,,,,NE,SEA,nwe,sea,17,26,NE,SEA,2024-nan-02-SEA@NE,222a5868582685afaa4f2cd5cbf36b969e9edb0d
2024,,2,,,MIN,SF,MIN,SF,,,U.S. Bank Stadium,,,,,,MIN,SF,min,sfo,16,25,MIN,SF,2024-nan-02-SF@MIN,084bafcb322e4c5ad7ecb91d546f3ef5bb7bc68c
2024,,2,,,DET,TB,DET,TB,,,Ford Field,,,,,,DET,TB,det,tam,8,27,DET,TB,2024-nan-02-TB@DET,09c336958d30b60697ab72bb1772bd7611614d9f
2024,,3,,,DAL,BAL,DAL,BAL,,,AT&T Stadium,,,,,,DAL,BAL,dal,rav,6,33,DAL,BAL,2024-nan-03-BAL@DAL,22aa6ec07ccb3537654853bf9702ecb7b0f914ba
2024,,3,,,LV,CAR,LV,CAR,,,Allegiant Stadium,,,,,,LV,CAR,rai,car,13,29,LV,CAR,2024-nan-03-CAR@LV,1392b3c417dd7dbb3f64f2d2c4ae051630c8464e
2024,,3,,,IND,CHI,IND,CHI,,,Lucas Oil Stadium,,,,,,IND,CHI,clt,chi,11,3,IND,CHI,2024-nan-03-CHI@IND,6b36a5768cb6e0fc6d1fff74a8582bebf916fad1
2024,,3,,,TB,DEN,TB,DEN,,,Raymond James Stadium,,,,,,TB,DEN,tam,den,27,7,TB,DEN,2024-nan-03-DEN@TB,dee63deda082ae3e64e9f6522b3906d8c88eb032
2024,,3,,,ARI,DET,ARI,DET,,,State Farm Stadium,,,,,,ARI,DET,crd,det,22,8,ARI,DET,2024-nan-03-DET@ARI,888309b3bf1fecb55ac742481150d010e7502ebe
2024,,3,,,TEN,GB,TEN,GB,,,Nissan Stadium,,,,,,TEN,GB,oti,gnb,10,9,TEN,GB,2024-nan-03-GB@TEN,843ea5cdf8d3c2c531f32da3a2f5789bb1d13acb
2024,,3,,,MIN,HOU,MIN,HOU,,,U.S. Bank Stadium,,,,,,MIN,HOU,min,htx,16,34,MIN,HOU,2024-nan-03-HOU@MIN,a531ecb04a56e85e0a28b820cd6c0fbafba21539
2024,,3,,,BUF,JAX,BUF,JAX,,,New Era Field,,,,,,BUF,JAX,buf,jax,2,30,BUF,JAX,2024-nan-03-JAX@BUF,65a7aca51b60b5d0803891d2da9a5cf6f0ffed20
2024,,3,,,ATL,KC,ATL,KC,,,Mercedes-Benz Stadium,,,,,,ATL,KC,atl,kan,1,12,ATL,KC,2024-nan-03-KC@ATL,be840664859306a8f98fb5d3ef5ed6f0a4a23e0e
2024,,3,,,PIT,LAC,PIT,LAC,,,Acrisure Stadium,,,,,,PIT,LAC,pit,sdg,23,24,PIT,LAC,2024-nan-03-LAC@PIT,92bd0f560e6ccd8dfe2169621b458743eb3ca7ef
2024,,3,,,SEA,MIA,SEA,MIA,,,Lumen Field,,,,,,SEA,MIA,sea,mia,26,15,SEA,MIA,2024-nan-03-MIA@SEA,4d37718d9662cb4f3c6509d21e3925522f61a8bd
2024,,3,,,NYJ,NE,NYJ,NE,,,MetLife Stadium,,,,,,NYJ,NE,nyj,nwe,20,17,NYJ,NE,2024-nan-03-NE@NYJ,9a7d3461506e9dd54937163cfc8d0d2c77cfc38d
2024,,3,,,CLE,NYG,CLE,NYG,,,FirstEnergy Stadium,,,,,,CLE,NYG,cle,nyg,5,19,CLE,NYG,2024-nan-03-NYG@CLE,4495d523ecbfdf974a466792288d59084e3a046f
2024,,3,,,NO,PHI,NO,PHI,,,Mercedes-Benz Superdome,,,,,,NO,PHI,nor,phi,18,21,NO,PHI,2024-nan-03-PHI@NO,23c8152d835502448872c953c95f94dd298ae9f6
2024,,3,,,LA,SF,LA,SF,,,SoFi Stadium,,,,,,LA,SF,ram,sfo,14,25,LA,SF,2024-nan-03-SF@LA,3204a70c1986425a0a859c6a3a702eab44d3f726
2024,,3,,,CIN,WAS,CIN,WAS,,,Paycor Stadium,,,,,,CIN,WAS,cin,was,4,28,CIN,WAS,2024-nan-03-WAS@CIN,4fc2d8ede6331c07dfc404cb167214dd3a179625
2024,,4,,,BAL,BUF,BAL,BUF,,,M&T Bank Stadium,,,,,,BAL,BUF,rav,buf,33,2,BAL,BUF,2024-nan-04-BUF@BAL,a40d14be7376f686725a5f46144ae8f9bc066d1c
2024,,4,,,CAR,CIN,CAR,CIN,,,Bank of America Stadium,,,,,,CAR,CIN,car,cin,29,4,CAR,CIN,2024-nan-04-CIN@CAR,128e3cd7adfb4685d74e6cd800b2baa4ac307157
2024,,4,,,LV,CLE,LV,CLE,,,Allegiant Stadium,,,,,,LV,CLE,rai,cle,13,5,LV,CLE,2024-nan-04-CLE@LV,12d1121bd2d4c0f4a4fc3ab93d94bf57eb7fdf8c
2024,,4,,,NYG,DAL,NYG,DAL,,,MetLife Stadium,,,,,,NYG,DAL,nyg,dal,19,6,NYG,DAL,2024-nan-04-DAL@NYG,0c9f6450f47691376e69bc658bf235ea5f14e410
2024,,4,,,NYJ,DEN,NYJ,DEN,,,MetLife Stadium,,,,,,NYJ,DEN,nyj,den,20,7,NYJ,DEN,2024-nan-04-DEN@NYJ,0a696c921286412f468d67c93da2865e39cbbc68
2024,,4,,,HOU,JAX,HOU,JAX,,,NRG Stadium,,,,,,HOU,JAX,htx,jax,34,30,HOU,JAX,2024-nan-04-JAX@HOU,c7824117156e96609f7bdb0f7d06159072fde808
2024,,4,,,LAC,KC,LAC,KC,,,SoFi Stadium,,,,,,LAC,KC,sdg,kan,24,12,LAC,KC,2024-nan-04-KC@LAC,057bbcf7e373f80455fa5dbeb5212d78da729685
2024,,4,,,CHI,LA,CHI,LA,,,Soldier Field,,,,,,CHI,LA,chi,ram,3,14,CHI,LA,2024-nan-04-LA@CHI,4326241c4213f40443374e1a28443e18bece21dc
2024,,4,,,GB,MIN,GB,MIN,,,Lambeau Field,,,,,,GB,MIN,gnb,min,9,16,GB,MIN,2024-nan-04-MIN@GB,c925410a8fb3a1fd1cffec9473852fdb656cb70c
2024,,4,,,SF,NE,SF,NE,,,Levi's Stadium,,,,,,SF,NE,sfo,nwe,25,17,SF,NE,2024-nan-04-NE@SF,0f627ae160d773e03746a79117741a2973df5db4
2024,,4,,,ATL,NO,ATL,NO,,,Mercedes-Benz Stadium,,,,,,ATL,NO,atl,nor,1,18,ATL,NO,2024-nan-04-NO@ATL,893e54587c24ef01d2008271b29aa262a18d7093
2024,,4,,,TB,PHI,TB,PHI,,,Raymond James Stadium,,,,,,TB,PHI,tam,phi,27,21,TB,PHI,2024-nan-04-PHI@TB,3e396c893052d65c843d11c36cebe29faec4ad45
2024,,4,,,IND,PIT,IND,PIT,,,Lucas Oil Stadium,,,,,,IND,PIT,clt,pit,11,23,IND,PIT,2024-nan-04-PIT@IND,5627a7b149a2f8aff832c02a00a2fca48e4a8f6f
2024,,4,,,DET,SEA,DET,SEA,,,Ford Field,,,,,,DET,SEA,det,sea,8,26,DET,SEA,2024-nan-04-SEA@DET,bf7b73da98e0e8332b008ac8528cadb924f9e642
2024,,4,,,MIA,TEN,MIA,TEN,,,Hard Rock Stadium,,,,,,MIA,TEN,mia,oti,15,10,MIA,TEN,2024-nan-04-TEN@MIA,1d0ec32974bad219b8113b7d2c7e3e5f56d1404b
2024,,4,,,ARI,WAS,ARI,WAS,,,State Farm Stadium,,,,,,ARI,WAS,crd,was,22,28,ARI,WAS,2024-nan-04-WAS@ARI,0fe573c83d4aaf81185dfc8232adb9b955b4f7b5
2024,,5,,,SF,ARI,SF,ARI,,,Levi's Stadium,,,,,,SF,ARI,sfo,crd,25,22,SF,ARI,2024-nan-05-ARI@SF,912787ba1a8fab1cec30b60d28929d88344fd78a
2024,,5,,,CIN,BAL,CIN,BAL,,,Paycor Stadium,,,,,,CIN,BAL,cin,rav,4,33,CIN,BAL,2024-nan-05-BAL@CIN,bd2ca2fee786e879bcf83388402837f89dd9d0f3
2024,,5,,,HOU,BUF,HOU,BUF,,,NRG Stadium,,,,,,HOU,BUF,htx,buf,34,2,HOU,BUF,2024-nan-05-BUF@HOU,8a3949054cf5c138bd48c8185760ad09a1d54d04
2024,,5,,,CHI,CAR,CHI,CAR,,,Soldier Field,,,,,,CHI,CAR,chi,car,3,29,CHI,CAR,2024-nan-05-CAR@CHI,19506d9cbf14601b1409bd20b6ed53951bda5501
2024,,5,,,WAS,CLE,WAS,CLE,,,FedExField,,,,,,WAS,CLE,was,cle,28,5,WAS,CLE,2024-nan-05-CLE@WAS,6c8efb0bd43c2d91ee521c77f6633fc50b46c08f
2024,,5,,,PIT,DAL,PIT,DAL,,,Acrisure Stadium,,,,,,PIT,DAL,pit,dal,23,6,PIT,DAL,2024-nan-05-DAL@PIT,165a420c23f3d1fd0fedb92128f9c03a601173b6
2024,,5,,,LA,GB,LA,GB,,,SoFi Stadium,,,,,,LA,GB,ram,gnb,14,9,LA,GB,2024-nan-05-GB@LA,60d0deafc2ad7090e9b1dbcecf613f8745054a5e
2024,,5,,,JAX,IND,JAX,IND,,,TIAA Bank Stadium,,,,,,JAX,IND,jax,clt,30,11,JAX,IND,2024-nan-05-IND@JAX,c182a631a60af32890c0cd4a006461d1aefcf296
2024,,5,,,DEN,LV,DEN,LV,,,Empower Field at Mile High,,,,,,DEN,LV,den,rai,7,13,DEN,LV,2024-nan-05-LV@DEN,41dccaff3e829b5a488ea5a3ea216178222c2130
2024,,5,,,NE,MIA,NE,MIA,,,Gillette Stadium,,,,,,NE,MIA,nwe,mia,17,15,NE,MIA,2024-nan-05-MIA@NE,9f4f1b3818c9d2bcdb6e405adbcfe1d12a8f167d
2024,,5,,,KC,NO,KC,NO,,,GEHA Field at Arrowhead Stadium,,,,,,KC,NO,kan,nor,12,18,KC,NO,2024-nan-05-NO@KC,341d23412e5e72df8d9e3a5e38e05c6affaed668
2024,,5,,,SEA,NYG,SEA,NYG,,,Lumen Field,,,,,,SEA,NYG,sea,nyg,26,19,SEA,NYG,2024-nan-05-NYG@SEA,c37b04bfa366f7d8c0a5b5c627c0720b69b70456
2024,,5,,,MIN,NYJ,MIN,NYJ,,,Tottenham Stadium,,,,,,MIN,NYJ,min,nyj,16,20,MIN,NYJ,2024-nan-05-NYJ@MIN,4c2a691abead29bd0bddaad87ca3737fdef5cc8b
2024,,5,,,ATL,TB,ATL,TB,,,Mercedes-Benz Stadium,,,,,,ATL,TB,atl,tam,1,27,ATL,TB,2024-nan-05-TB@ATL,df718ed92ad825b85824a0ef310b576d9f6d2df2
2024,,6,,,GB,ARI,GB,ARI,,,Lambeau Field,,,,,,GB,ARI,gnb,crd,9,22,GB,ARI,2024-nan-06-ARI@GB,82f6afb2cf8e63b389d73bfdc8cd9a13e4d5356b
2024,,6,,,CAR,ATL,CAR,ATL,,,Bank of America Stadium,,,,,,CAR,ATL,car,atl,29,1,CAR,ATL,2024-nan-06-ATL@CAR,c81c90767d933a92d82b4b165014eb1eacb98e42
2024,,6,,,NYJ,BUF,NYJ,BUF,,,MetLife Stadium,,,,,,NYJ,BUF,nyj,buf,20,2,NYJ,BUF,2024-nan-06-BUF@NYJ,e2afcff05faf3e41b8f47492e0bae1ca6aadb9f8
2024,,6,,,NYG,CIN,NYG,CIN,,,MetLife Stadium,,,,,,NYG,CIN,nyg,cin,19,4,NYG,CIN,2024-nan-06-CIN@NYG,20a7dfa4fb79243833efaa6563119c8714783ce2
2024,,6,,,PHI,CLE,PHI,CLE,,,Lincoln Financial Field,,,,,,PHI,CLE,phi,cle,21,5,PHI,CLE,2024-nan-06-CLE@PHI,b4f00de5cc5c1f3e1f55188d580a9a28c39d8b3d
2024,,6,,,DAL,DET,DAL,DET,,,AT&T Stadium,,,,,,DAL,DET,dal,det,6,8,DAL,DET,2024-nan-06-DET@DAL,7fb85ee02696a39e930412b69152e4e7ac67ec0e
2024,,6,,,NE,HOU,NE,HOU,,,Gillette Stadium,,,,,,NE,HOU,nwe,htx,17,34,NE,HOU,2024-nan-06-HOU@NE,b9b0a01b8408e14d6abe87db6cd0263a3da8931d
2024,,6,,,TEN,IND,TEN,IND,,,Nissan Stadium,,,,,,TEN,IND,oti,clt,10,11,TEN,IND,2024-nan-06-IND@TEN,947ca5c5f889f657af4d97adc5854c8e3ea62d07
2024,,6,,,CHI,JAX,CHI,JAX,,,Tottenham Stadium,,,,,,CHI,JAX,chi,jax,3,30,CHI,JAX,2024-nan-06-JAX@CHI,4ae4901cda1bf40b4d752443dd01d065c345d722
2024,,6,,,DEN,LAC,DEN,LAC,,,Empower Field at Mile High,,,,,,DEN,LAC,den,sdg,7,24,DEN,LAC,2024-nan-06-LAC@DEN,f61568f0a814d28351241d58704223a2e2ba4271
2024,,6,,,LV,PIT,LV,PIT,,,Allegiant Stadium,,,,,,LV,PIT,rai,pit,13,23,LV,PIT,2024-nan-06-PIT@LV,5413dd4d63615be09c4af78bc8448a8cf22880c8
2024,,6,,,SEA,SF,SEA,SF,,,Lumen Field,,,,,,SEA,SF,sea,sfo,26,25,SEA,SF,2024-nan-06-SF@SEA,18932fc3b845019d8cbd9300b771639af1845593
2024,,6,,,NO,TB,NO,TB,,,Mercedes-Benz Superdome,,,,,,NO,TB,nor,tam,18,27,NO,TB,2024-nan-06-TB@NO,93eb0b5579c760a74386b557ae7d9547bd21411a
2024,,6,,,BAL,WAS,BAL,WAS,,,M&T Bank Stadium,,,,,,BAL,WAS,rav,was,33,28,BAL,WAS,2024-nan-06-WAS@BAL,f9b2cc8ee5dbfbafe82df33d163088dc77d10719
2024,,7,,,TB,BAL,TB,BAL,,,Raymond James Stadium,,,,,,TB,BAL,tam,rav,27,33,TB,BAL,2024-nan-07-BAL@TB,c51fdbf5c617f4aa82987545b4435b5c21f59085
2024,,7,,,WAS,CAR,WAS,CAR,,,FedExField,,,,,,WAS,CAR,was,car,28,29,WAS,CAR,2024-nan-07-CAR@WAS,11798df96ea26722ed4f8d10dd6ee18bb3ffbfbf
2024,,7,,,CLE,CIN,CLE,CIN,,,FirstEnergy Stadium,,,,,,CLE,CIN,cle,cin,5,4,CLE,CIN,2024-nan-07-CIN@CLE,f0fad1eb3e083d3c28f80c64013fbcb6b9e67f92
2024,,7,,,NO,DEN,NO,DEN,,,Mercedes-Benz Superdome,,,,,,NO,DEN,nor,den,18,7,NO,DEN,2024-nan-07-DEN@NO,caa51353faaef804f7d503d4a21f299d06864c3f
2024,,7,,,MIN,DET,MIN,DET,,,U.S. Bank Stadium,,,,,,MIN,DET,min,det,16,8,MIN,DET,2024-nan-07-DET@MIN,2f6d2c4ad50eb66685a2fc43a8e74ffe1512150a
2024,,7,,,GB,HOU,GB,HOU,,,Lambeau Field,,,,,,GB,HOU,gnb,htx,9,34,GB,HOU,2024-nan-07-HOU@GB,dda49a7977e93dd7aa46c9d3f0d26783ac05e66a
2024,,7,,,SF,KC,SF,KC,,,Levi's Stadium,,,,,,SF,KC,sfo,kan,25,12,SF,KC,2024-nan-07-KC@SF,99294398b2ded7d16c3995c7fd76fa55072e665e
2024,,7,,,ARI,LAC,ARI,LAC,,,State Farm Stadium,,,,,,ARI,LAC,crd,sdg,22,24,ARI,LAC,2024-nan-07-LAC@ARI,e68faae53ffd2a57b2bcaebc74c6bb3d534c28ef
2024,,7,,,LA,LV,LA,LV,,,SoFi Stadium,,,,,,LA,LV,ram,rai,14,13,LA,LV,2024-nan-07-LV@LA,8fd4671bd5623cdd759949961e5016bcdd939768
2024,,7,,,IND,MIA,IND,MIA,,,Lucas Oil Stadium,,,,,,IND,MIA,clt,mia,11,15,IND,MIA,2024-nan-07-MIA@IND,2e0d57844ea6bd3d3a58a45c76d69a2549d035f9
2024,,7,,,JAX,NE,JAX,NE,,,Wembley Stadium,,,,,,JAX,NE,jax,nwe,30,17,JAX,NE,2024-nan-07-NE@JAX,0bc93d5b7094e75cdf4e77ce8abf8c7d730846e7
2024,,7,,,PIT,NYJ,PIT,NYJ,,,Acrisure Stadium,,,,,,PIT,NYJ,pit,nyj,23,20,PIT,NYJ,2024-nan-07-NYJ@PIT,69cc26f3ef6ff027e07bf5f1a3ec6cc6df67e3f6
2024,,7,,,NYG,PHI,NYG,PHI,,,MetLife Stadium,,,,,,NYG,PHI,nyg,phi,19,21,NYG,PHI,2024-nan-07-PHI@NYG,b40b431532c6c88c79b361b0b26796e574f098b8
2024,,7,,,ATL,SEA,ATL,SEA,,,Mercedes-Benz Stadium,,,,,,ATL,SEA,atl,sea,1,26,ATL,SEA,2024-nan-07-SEA@ATL,cf5012e2499962030432d96ab9232a03ddf431ec
2024,,7,,,BUF,TEN,BUF,TEN,,,New Era Field,,,,,,BUF,TEN,buf,oti,2,10,BUF,TEN,2024-nan-07-TEN@BUF,d3bc249815fbdba656e19dfed3e4f0e9f6c9b76b
2024,,8,,,MIA,ARI,MIA,ARI,,,Hard Rock Stadium,,,,,,MIA,ARI,mia,crd,15,22,MIA,ARI,2024-nan-08-ARI@MIA,a74b6be01f9d292599c1345ca6341be85404f138
2024,,8,,,TB,ATL,TB,ATL,,,Raymond James Stadium,,,,,,TB,ATL,tam,atl,27,1,TB,ATL,2024-nan-08-ATL@TB,80124a89d08eb7aa6267c49654cdff17cea44199
2024,,8,,,CLE,BAL,CLE,BAL,,,FirstEnergy Stadium,,,,,,CLE,BAL,cle,rav,5,33,CLE,BAL,2024-nan-08-BAL@CLE,375ccb496fed7eb6dafc1b62dadaac2fa0ecc14c
2024,,8,,,SEA,BUF,SEA,BUF,,,Lumen Field,,,,,,SEA,BUF,sea,buf,26,2,SEA,BUF,2024-nan-08-BUF@SEA,e42a1390d01a52cd2ccb7275d16c433762632b8f
2024,,8,,,DEN,CAR,DEN,CAR,,,Empower Field at Mile High,,,,,,DEN,CAR,den,car,7,29,DEN,CAR,2024-nan-08-CAR@DEN,22f2744076b6006755210e86f992e28d46dded37
2024,,8,,,WAS,CHI,WAS,CHI,,,FedExField,,,,,,WAS,CHI,was,chi,28,3,WAS,CHI,2024-nan-08-CHI@WAS,a827c0cf53c97163fd20a53a52f3a07a7a68c835
2024,,8,,,SF,DAL,SF,DAL,,,Levi's Stadium,,,,,,SF,DAL,sfo,dal,25,6,SF,DAL,2024-nan-08-DAL@SF,3ddcfd3f141a7e9073cfcea0c472f83c486d74da
2024,,8,,,JAX,GB,JAX,GB,,,TIAA Bank Stadium,,,,,,JAX,GB,jax,gnb,30,9,JAX,GB,2024-nan-08-GB@JAX,8f81dafc644a5821055ba6cc609ed368487ccbf6
2024,,8,,,HOU,IND,HOU,IND,,,NRG Stadium,,,,,,HOU,IND,htx,clt,34,11,HOU,IND,2024-nan-08-IND@HOU,80a46fa6ca2dca587607887d0e50ac6b8123961a
2024,,8,,,LV,KC,LV,KC,,,Allegiant Stadium,,,,,,LV,KC,rai,kan,13,12,LV,KC,2024-nan-08-KC@LV,fddd79bdb00e001dc7b0e24759ed9e9509752d8a
2024,,8,,,LA,MIN,LA,MIN,,,SoFi Stadium,,,,,,LA,MIN,ram,min,14,16,LA,MIN,2024-nan-08-MIN@LA,6fd3c6cd035fbbbdf36898558a4464bb2571f6e8
2024,,8,,,LAC,NO,LAC,NO,,,SoFi Stadium,,,,,,LAC,NO,sdg,nor,24,18,LAC,NO,2024-nan-08-NO@LAC,01746a9920f40989a598e4960580740ee73f7053
2024,,8,,,PIT,NYG,PIT,NYG,,,Acrisure Stadium,,,,,,PIT,NYG,pit,nyg,23,19,PIT,NYG,2024-nan-08-NYG@PIT,903e0eebc2cec07b2a4a9c62e0c0dc6d563d8d1b
2024,,8,,,NE,NYJ,NE,NYJ,,,Gillette Stadium,,,,,,NE,NYJ,nwe,nyj,17,20,NE,NYJ,2024-nan-08-NYJ@NE,441e9906b4866180dd7a6427ae5412fe9cd27d8f
2024,,8,,,CIN,PHI,CIN,PHI,,,Paycor Stadium,,,,,,CIN,PHI,cin,phi,4,21,CIN,PHI,2024-nan-08-PHI@CIN,07bc66f976d8f87063f81c642816c00ebde492b9
2024,,8,,,DET,TEN,DET,TEN,,,Ford Field,,,,,,DET,TEN,det,oti,8,10,DET,TEN,2024-nan-08-TEN@DET,114496d4b0aed5268eca4483f289a87b00a1c356
2024,,9,,,ARI,CHI,ARI,CHI,,,State Farm Stadium,,,,,,ARI,CHI,crd,chi,22,3,ARI,CHI,2024-nan-09-CHI@ARI,ab1806497da8932c84820b3dd68b7da870ac4c22
2024,,9,,,ATL,DAL,ATL,DAL,,,Mercedes-Benz Stadium,,,,,,ATL,DAL,atl,dal,1,6,ATL,DAL,2024-nan-09-DAL@ATL,94ad139b58813299b5f7de8665524f744dab9927
2024,,9,,,BAL,DEN,BAL,DEN,,,M&T Bank Stadium,,,,,,BAL,DEN,rav,den,33,7,BAL,DEN,2024-nan-09-DEN@BAL,5aa7b0f4574eae5caa3ee0097f9cd7b738b634ab
2024,,9,,,GB,DET,GB,DET,,,Lambeau Field,,,,,,GB,DET,gnb,det,9,8,GB,DET,2024-nan-09-DET@GB,32bc736d53140c8a21b6703de5706ff83d384009
2024,,9,,,NYJ,HOU,NYJ,HOU,,,MetLife Stadium,,,,,,NYJ,HOU,nyj,htx,20,34,NYJ,HOU,2024-nan-09-HOU@NYJ,76f97fedf34754627d95f8adaae78b10e077f104
2024,,9,,,MIN,IND,MIN,IND,,,U.S. Bank Stadium,,,,,,MIN,IND,min,clt,16,11,MIN,IND,2024-nan-09-IND@MIN,def671af0c3ca757a4f27eadf1322606bfe19b06
2024,,9,,,PHI,JAX,PHI,JAX,,,Lincoln Financial Field,,,,,,PHI,JAX,phi,jax,21,30,PHI,JAX,2024-nan-09-JAX@PHI,22e21bfe478843cbf7c0eddfc0ce0ce91ed379ce
2024,,9,,,CLE,LAC,CLE,LAC,,,FirstEnergy Stadium,,,,,,CLE,LAC,cle,sdg,5,24,CLE,LAC,2024-nan-09-LAC@CLE,5db2ca281b1c4e55211c74a8b913ba0cf777de5b
2024,,9,,,SEA,LA,SEA,LA,,,Lumen Field,,,,,,SEA,LA,sea,ram,26,14,SEA,LA,2024-nan-09-LA@SEA,48e25a5efed99ca382106924a099c57c04583fe8
2024,,9,,,CIN,LV,CIN,LV,,,Paycor Stadium,,,,,,CIN,LV,cin,rai,4,13,CIN,LV,2024-nan-09-LV@CIN,92e71865b84a4b79400d156143141829b6409109
2024,,9,,,BUF,MIA,BUF,MIA,,,New Era Field,,,,,,BUF,MIA,buf,mia,2,15,BUF,MIA,2024-nan-09-MIA@BUF,282a5d761a0cba5228f1a18073e414d01b8da48c
2024,,9,,,TEN,NE,TEN,NE,,,Nissan Stadium,,,,,,TEN,NE,oti,nwe,10,17,TEN,NE,2024-nan-09-NE@TEN,1da2b83a2c605346efac054ddb2575d8888bc0ba
2024,,9,,,CAR,NO,CAR,NO,,,Bank of America Stadium,,,,,,CAR,NO,car,nor,29,18,CAR,NO,2024-nan-09-NO@CAR,594b4df30965870456f43d382b73aba502c955bb
2024,,9,,,KC,TB,KC,TB,,,GEHA Field at Arrowhead Stadium,,,,,,KC,TB,kan,tam,12,27,KC,TB,2024-nan-09-TB@KC,e5d4fc2bd5b607611ab76bf75f0decf0863197bc
2024,,9,,,NYG,WAS,NYG,WAS,,,MetLife Stadium,,,,,,NYG,WAS,nyg,was,19,28,NYG,WAS,2024-nan-09-WAS@NYG,e9b15b0b5ec161bfd30dddda52b88913cf2f98d6
2024,,10,,,NO,ATL,NO,ATL,,,Mercedes-Benz Superdome,,,,,,NO,ATL,nor,atl,18,1,NO,ATL,2024-nan-10-ATL@NO,ee08f1d8aef1d1a2fd8f38b15629923c9430f1ba
2024,,10,,,IND,BUF,IND,BUF,,,Lucas Oil Stadium,,,,,,IND,BUF,clt,buf,11,2,IND,BUF,2024-nan-10-BUF@IND,e2f2a2bf3fea70a900503e163d6f8bf777bc0e8f
2024,,10,,,BAL,CIN,BAL,CIN,,,M&T Bank Stadium,,,,,,BAL,CIN,rav,cin,33,4,BAL,CIN,2024-nan-10-CIN@BAL,c7dd284de67effb761fa1647c759b3e07a446546
2024,,10,,,KC,DEN,KC,DEN,,,GEHA Field at Arrowhead Stadium,,,,,,KC,DEN,kan,den,12,7,KC,DEN,2024-nan-10-DEN@KC,2c7d2249611d0ffad3d70fa7f3a2e20cff1733cf
2024,,10,,,HOU,DET,HOU,DET,,,NRG Stadium,,,,,,HOU,DET,htx,det,34,8,HOU,DET,2024-nan-10-DET@HOU,493e1ff2195b0c692812f1605ff3285fbb28347a
2024,,10,,,LA,MIA,LA,MIA,,,SoFi Stadium,,,,,,LA,MIA,ram,mia,14,15,LA,MIA,2024-nan-10-MIA@LA,a06888e87aad3932654d39e616bb1787d5a88a49
2024,,10,,,JAX,MIN,JAX,MIN,,,TIAA Bank Stadium,,,,,,JAX,MIN,jax,min,30,16,JAX,MIN,2024-nan-10-MIN@JAX,b9e48c782fccbe3efd381d2f1d229503b059c11c
2024,,10,,,CHI,NE,CHI,NE,,,Soldier Field,,,,,,CHI,NE,chi,nwe,3,17,CHI,NE,2024-nan-10-NE@CHI,7c1eb633e5fd25b82294e6ad03f6b5ab562e1817
2024,,10,,,CAR,NYG,CAR,NYG,,,Allianz Arena,,,,,,CAR,NYG,car,nyg,29,19,CAR,NYG,2024-nan-10-NYG@CAR,945ea19744b5ea225c951206e5a7ab21c0b7d63c
2024,,10,,,ARI,NYJ,ARI,NYJ,,,State Farm Stadium,,,,,,ARI,NYJ,crd,nyj,22,20,ARI,NYJ,2024-nan-10-NYJ@ARI,48da28aeb10e697e132326bf301b6c8369c7337a
2024,,10,,,DAL,PHI,DAL,PHI,,,AT&T Stadium,,,,,,DAL,PHI,dal,phi,6,21,DAL,PHI,2024-nan-10-PHI@DAL,a591d164aed6218879a1a9ab414b0884a2ac9791
2024,,10,,,WAS,PIT,WAS,PIT,,,FedExField,,,,,,WAS,PIT,was,pit,28,23,WAS,PIT,2024-nan-10-PIT@WAS,b48afb9c5051bd1af6052f2a9c0fa97ad6c0e778
2024,,10,,,TB,SF,TB,SF,,,Raymond James Stadium,,,,,,TB,SF,tam,sfo,27,25,TB,SF,2024-nan-10-SF@TB,9e21873654601aafbc0b401ca218589c73342f10
2024,,10,,,LAC,TEN,LAC,TEN,,,SoFi Stadium,,,,,,LAC,TEN,sdg,oti,24,10,LAC,TEN,2024-nan-10-TEN@LAC,e61048f1f244d77f7ed54571b5cd616b082889f8
2024,,11,,,DEN,ATL,DEN,ATL,,,Empower Field at Mile High,,,,,,DEN,ATL,den,atl,7,1,DEN,ATL,2024-nan-11-ATL@DEN,7ed839d73088def750b76f58b2a29d4afe61fa35
2024,,11,,,PIT,BAL,PIT,BAL,,,Acrisure Stadium,,,,,,PIT,BAL,pit,rav,23,33,PIT,BAL,2024-nan-11-BAL@PIT,41fd6b30dae5d97d74eb4689b536a9d671f0accd
2024,,11,,,LAC,CIN,LAC,CIN,,,SoFi Stadium,,,,,,LAC,CIN,sdg,cin,24,4,LAC,CIN,2024-nan-11-CIN@LAC,3ba7c422fc460339f0ea5e8244f7134734716ca9
2024,,11,,,NO,CLE,NO,CLE,,,Mercedes-Benz Superdome,,,,,,NO,CLE,nor,cle,18,5,NO,CLE,2024-nan-11-CLE@NO,6a3e399097c9bace388ece2e3c822e90c4ad18f8
2024,,11,,,CHI,GB,CHI,GB,,,Soldier Field,,,,,,CHI,GB,chi,gnb,3,9,CHI,GB,2024-nan-11-GB@CHI,cf3f19326aaa92527e61cc42ab756fefb666f5fa
2024,,11,,,DAL,HOU,DAL,HOU,,,AT&T Stadium,,,,,,DAL,HOU,dal,htx,6,34,DAL,HOU,2024-nan-11-HOU@DAL,0520ae3070c565dc2e8b3189bf60d4a96e29e51f
2024,,11,,,NYJ,IND,NYJ,IND,,,MetLife Stadium,,,,,,NYJ,IND,nyj,clt,20,11,NYJ,IND,2024-nan-11-IND@NYJ,a5f92275915726c7e9283e69923b25bbb25f55d6
2024,,11,,,DET,JAX,DET,JAX,,,Ford Field,,,,,,DET,JAX,det,jax,8,30,DET,JAX,2024-nan-11-JAX@DET,dd0021d2f251a48532f4e8b9f8b96796bc167f89
2024,,11,,,BUF,KC,BUF,KC,,,New Era Field,,,,,,BUF,KC,buf,kan,2,12,BUF,KC,2024-nan-11-KC@BUF,3347d7c8fe2650a27b5eb740f7a568644e43b352
2024,,11,,,NE,LA,NE,LA,,,Gillette Stadium,,,,,,NE,LA,nwe,ram,17,14,NE,LA,2024-nan-11-LA@NE,007c00d80a463d4296777755b6fd7948b6f829fb
2024,,11,,,MIA,LV,MIA,LV,,,Hard Rock Stadium,,,,,,MIA,LV,mia,rai,15,13,MIA,LV,2024-nan-11-LV@MIA,16d6a3fd04ad1e7aaba4ccb99587498587d6b6a8
2024,,11,,,TEN,MIN,TEN,MIN,,,Nissan Stadium,,,,,,TEN,MIN,oti,min,10,16,TEN,MIN,2024-nan-11-MIN@TEN,df2ac25ddd0edb336fcfec5d69fbb68d7072c0f2
2024,,11,,,SF,SEA,SF,SEA,,,Levi's Stadium,,,,,,SF,SEA,sfo,sea,25,26,SF,SEA,2024-nan-11-SEA@SF,2de9b57c65b43e9ca65c211ca339135be587eaee
2024,,11,,,PHI,WAS,PHI,WAS,,,Lincoln Financial Field,,,,,,PHI,WAS,phi,was,21,28,PHI,WAS,2024-nan-11-WAS@PHI,649403b309dc24f77f113f337879e4470f86e67a
2024,,12,,,SEA,ARI,SEA,ARI,,,Lumen Field,,,,,,SEA,ARI,sea,crd,26,22,SEA,ARI,2024-nan-12-ARI@SEA,3e676f2f9820ed4ee0be34b1b9ee47b460e69adf
2024,,12,,,LAC,BAL,LAC,BAL,,,SoFi Stadium,,,,,,LAC,BAL,sdg,rav,24,33,LAC,BAL,2024-nan-12-BAL@LAC,5d428559409afcebf5d5845397d027a14bd4abcc
2024,,12,,,WAS,DAL,WAS,DAL,,,FedExField,,,,,,WAS,DAL,was,dal,28,6,WAS,DAL,2024-nan-12-DAL@WAS,4923627719f3f044f83d0bc9edfed0794bc91c40
2024,,12,,,LV,DEN,LV,DEN,,,Allegiant Stadium,,,,,,LV,DEN,rai,den,13,7,LV,DEN,2024-nan-12-DEN@LV,08dea9e3af66566f7633fa01ff62e2e3cc6a7195
2024,,12,,,IND,DET,IND,DET,,,Lucas Oil Stadium,,,,,,IND,DET,clt,det,11,8,IND,DET,2024-nan-12-DET@IND,600c00cc51506a62985bc2fb479b86093542d830
2024,,12,,,CAR,KC,CAR,KC,,,Bank of America Stadium,,,,,,CAR,KC,car,kan,29,12,CAR,KC,2024-nan-12-KC@CAR,c235dcb77717e212d1c8f98487d542a4df788340
2024,,12,,,CHI,MIN,CHI,MIN,,,Soldier Field,,,,,,CHI,MIN,chi,min,3,16,CHI,MIN,2024-nan-12-MIN@CHI,0e2e357a6c24da16a17c0c6e85f6a5dfb772a607
2024,,12,,,MIA,NE,MIA,NE,,,Hard Rock Stadium,,,,,,MIA,NE,mia,nwe,15,17,MIA,NE,2024-nan-12-NE@MIA,1498767d5aff64ab979dd2101224e6f17062d7ea
2024,,12,,,LA,PHI,LA,PHI,,,SoFi Stadium,,,,,,LA,PHI,ram,phi,14,21,LA,PHI,2024-nan-12-PHI@LA,fea8ea5bada899232d4881a00f87734ef496a592
2024,,12,,,CLE,PIT,CLE,PIT,,,FirstEnergy Stadium,,,,,,CLE,PIT,cle,pit,5,23,CLE,PIT,2024-nan-12-PIT@CLE,831bb63002c2a897636fdf7e025eeddb17948c49
2024,,12,,,GB,SF,GB,SF,,,Lambeau Field,,,,,,GB,SF,gnb,sfo,9,25,GB,SF,2024-nan-12-SF@GB,d6df6c50334362b7b1882b6d3ab0b1b877f709c2
2024,,12,,,NYG,TB,NYG,TB,,,MetLife Stadium,,,,,,NYG,TB,nyg,tam,19,27,NYG,TB,2024-nan-12-TB@NYG,d1a31432f99afb68ef24f1474aa7595ff568f09c
2024,,12,,,HOU,TEN,HOU,TEN,,,NRG Stadium,,,,,,HOU,TEN,htx,oti,34,10,HOU,TEN,2024-nan-12-TEN@HOU,5c9f94017ee8be3176fb433b81619bb4c858fe4d
2024,,13,,,MIN,ARI,MIN,ARI,,,U.S. Bank Stadium,,,,,,MIN,ARI,min,crd,16,22,MIN,ARI,2024-nan-13-ARI@MIN,c213c733ba6b8e86722988d18f104c7e09aa9f79
2024,,13,,,DET,CHI,DET,CHI,,,Ford Field,,,,,,DET,CHI,det,chi,8,3,DET,CHI,2024-nan-13-CHI@DET,3a8356eae52d33c25980a94ab0a54c40748f73d5
2024,,13,,,DEN,CLE,DEN,CLE,,,Empower Field at Mile High,,,,,,DEN,CLE,den,cle,7,5,DEN,CLE,2024-nan-13-CLE@DEN,cdd0711ab7507bd67fb99b88d1c74cef3244b951
2024,,13,,,JAX,HOU,JAX,HOU,,,TIAA Bank Stadium,,,,,,JAX,HOU,jax,htx,30,34,JAX,HOU,2024-nan-13-HOU@JAX,43b0f0c2e70f7cde049b281039cefbaa98781d80
2024,,13,,,NE,IND,NE,IND,,,Gillette Stadium,,,,,,NE,IND,nwe,clt,17,11,NE,IND,2024-nan-13-IND@NE,6e1668c9d0e0979fc23060569ddaa57aa7bf4147
2024,,13,,,ATL,LAC,ATL,LAC,,,Mercedes-Benz Stadium,,,,,,ATL,LAC,atl,sdg,1,24,ATL,LAC,2024-nan-13-LAC@ATL,3ec4b0fada46358eefe2120fb5fa1f17cd263689
2024,,13,,,NO,LA,NO,LA,,,Mercedes-Benz Superdome,,,,,,NO,LA,nor,ram,18,14,NO,LA,2024-nan-13-LA@NO,9b328ac253788fdb420a1b53ab5df21534ab6c89
2024,,13,,,KC,LV,KC,LV,,,GEHA Field at Arrowhead Stadium,,,,,,KC,LV,kan,rai,12,13,KC,LV,2024-nan-13-LV@KC,5688199b80b4f023d4dd5cd6db5b3364b288df43
2024,,13,,,GB,MIA,GB,MIA,,,Lambeau Field,,,,,,GB,MIA,gnb,mia,9,15,GB,MIA,2024-nan-13-MIA@GB,4c4e02cb1f1a8cf7481b65a18d8e2bb165b1a527
2024,,13,,,DAL,NYG,DAL,NYG,,,AT&T Stadium,,,,,,DAL,NYG,dal,nyg,6,19,DAL,NYG,2024-nan-13-NYG@DAL,a75666bd1e492632e094e436c03c6a34cc4d7b64
2024,,13,,,BAL,PHI,BAL,PHI,,,M&T Bank Stadium,,,,,,BAL,PHI,rav,phi,33,21,BAL,PHI,2024-nan-13-PHI@BAL,9cdeb40ca3cc1279ecc6cf3cdf58bbbc5f15301b
2024,,13,,,CIN,PIT,CIN,PIT,,,Paycor Stadium,,,,,,CIN,PIT,cin,pit,4,23,CIN,PIT,2024-nan-13-PIT@CIN,3e5bb4e0d60222e949aac713011fdb3e21a4cd1c
2024,,13,,,NYJ,SEA,NYJ,SEA,,,MetLife Stadium,,,,,,NYJ,SEA,nyj,sea,20,26,NYJ,SEA,2024-nan-13-SEA@NYJ,2adff62d64c92167c841ea74e877e2618d8d0b60
2024,,13,,,BUF,SF,BUF,SF,,,New Era Field,,,,,,BUF,SF,buf,sfo,2,25,BUF,SF,2024-nan-13-SF@BUF,87f88439486b117d9223fb5d2f67a438f6056e7c
2024,,13,,,CAR,TB,CAR,TB,,,Bank of America Stadium,,,,,,CAR,TB,car,tam,29,27,CAR,TB,2024-nan-13-TB@CAR,9e2f7fc9c53f12fceccb31db838fdd25c0cc00c9
2024,,13,,,WAS,TEN,WAS,TEN,,,FedExField,,,,,,WAS,TEN,was,oti,28,10,WAS,TEN,2024-nan-13-TEN@WAS,47432f2e326fa4a44ded8295e6a299a0fb76b31a
2024,,14,,,MIN,ATL,MIN,ATL,,,U.S. Bank Stadium,,,,,,MIN,ATL,min,atl,16,1,MIN,ATL,2024-nan-14-ATL@MIN,0a6c51c256dc57805ced474da1f088a4e9740cd5
2024,,14,,,LA,BUF,LA,BUF,,,SoFi Stadium,,,,,,LA,BUF,ram,buf,14,2,LA,BUF,2024-nan-14-BUF@LA,45268cdb581183217c9dde54b212590d719865ff
2024,,14,,,PHI,CAR,PHI,CAR,,,Lincoln Financial Field,,,,,,PHI,CAR,phi,car,21,29,PHI,CAR,2024-nan-14-CAR@PHI,58a177e3534569db80408cbea628fe3947d7b582
2024,,14,,,SF,CHI,SF,CHI,,,Levi's Stadium,,,,,,SF,CHI,sfo,chi,25,3,SF,CHI,2024-nan-14-CHI@SF,a0d076ee372195005d4dc019674fa98cde6a01c0
2024,,14,,,DAL,CIN,DAL,CIN,,,AT&T Stadium,,,,,,DAL,CIN,dal,cin,6,4,DAL,CIN,2024-nan-14-CIN@DAL,757724e6536d19e60d755843e6f92b7a847de376
2024,,14,,,PIT,CLE,PIT,CLE,,,Acrisure Stadium,,,,,,PIT,CLE,pit,cle,23,5,PIT,CLE,2024-nan-14-CLE@PIT,122ede68430ab8cae08652adf84be9d64e131fd2
2024,,14,,,DET,GB,DET,GB,,,Ford Field,,,,,,DET,GB,det,gnb,8,9,DET,GB,2024-nan-14-GB@DET,29eaee52d66d192447ecd9a03d57330f59f95487
2024,,14,,,TEN,JAX,TEN,JAX,,,Nissan Stadium,,,,,,TEN,JAX,oti,jax,10,30,TEN,JAX,2024-nan-14-JAX@TEN,8d6004f8430ba6f06ca401014a70033d23844117
2024,,14,,,KC,LAC,KC,LAC,,,GEHA Field at Arrowhead Stadium,,,,,,KC,LAC,kan,sdg,12,24,KC,LAC,2024-nan-14-LAC@KC,d07483137d98dd97456354ad3e4ac3cb93597bd3
2024,,14,,,TB,LV,TB,LV,,,Raymond James Stadium,,,,,,TB,LV,tam,rai,27,13,TB,LV,2024-nan-14-LV@TB,39eb9d5710210aa2bb5e6414542242db867daf43
2024,,14,,,NYG,NO,NYG,NO,,,MetLife Stadium,,,,,,NYG,NO,nyg,nor,19,18,NYG,NO,2024-nan-14-NO@NYG,a7658df3cfa160871bcdccde71aaba3b16f7aecb
2024,,14,,,MIA,NYJ,MIA,NYJ,,,Hard Rock Stadium,,,,,,MIA,NYJ,mia,nyj,15,20,MIA,NYJ,2024-nan-14-NYJ@MIA,84ac3e187504ae403f92c1bc983deaf2b0a16df7
2024,,14,,,ARI,SEA,ARI,SEA,,,State Farm Stadium,,,,,,ARI,SEA,crd,sea,22,26,ARI,SEA,2024-nan-14-SEA@ARI,0b8d3c5b8b53ebc2d7d3e02c35e3a2427c731316
2024,,15,,,LV,ATL,LV,ATL,,,Allegiant Stadium,,,,,,LV,ATL,rai,atl,13,1,LV,ATL,2024-nan-15-ATL@LV,a668c2b4c950267bbebc423888477e2325482598
2024,,15,,,NYG,BAL,NYG,BAL,,,MetLife Stadium,,,,,,NYG,BAL,nyg,rav,19,33,NYG,BAL,2024-nan-15-BAL@NYG,bb3c9b526711655ba85f316bafadf7020835ee14
2024,,15,,,DET,BUF,DET,BUF,,,Ford Field,,,,,,DET,BUF,det,buf,8,2,DET,BUF,2024-nan-15-BUF@DET,96a58eba3f94d01175229a25af411fd01b052da7
2024,,15,,,MIN,CHI,MIN,CHI,,,U.S. Bank Stadium,,,,,,MIN,CHI,min,chi,16,3,MIN,CHI,2024-nan-15-CHI@MIN,78eaf92290c0f913cbcee9cfb3b8709311e296f5
2024,,15,,,TEN,CIN,TEN,CIN,,,Nissan Stadium,,,,,,TEN,CIN,oti,cin,10,4,TEN,CIN,2024-nan-15-CIN@TEN,8dbbf43d6b2e77096e3395b7de34fc6edc67583e
2024,,15,,,CAR,DAL,CAR,DAL,,,Bank of America Stadium,,,,,,CAR,DAL,car,dal,29,6,CAR,DAL,2024-nan-15-DAL@CAR,ccaac8fcc967fc63b09aad5824333e600580cd61
2024,,15,,,SEA,GB,SEA,GB,,,Lumen Field,,,,,,SEA,GB,sea,gnb,26,9,SEA,GB,2024-nan-15-GB@SEA,d5773ee97fef2fecc85f2a5a197fc16dc1f57cbd
2024,,15,,,DEN,IND,DEN,IND,,,Empower Field at Mile High,,,,,,DEN,IND,den,clt,7,11,DEN,IND,2024-nan-15-IND@DEN,35fed7ee9892e7a28a0443d2cfaa8b9089f57232
2024,,15,,,CLE,KC,CLE,KC,,,FirstEnergy Stadium,,,,,,CLE,KC,cle,kan,5,12,CLE,KC,2024-nan-15-KC@CLE,c51b44ee8bbdca0987e8582380a9dbfe2d3223a9
2024,,15,,,SF,LA,SF,LA,,,Levi's Stadium,,,,,,SF,LA,sfo,ram,25,14,SF,LA,2024-nan-15-LA@SF,1a33094d5add63a24cc5360245446703d11f2cef
2024,,15,,,HOU,MIA,HOU,MIA,,,NRG Stadium,,,,,,HOU,MIA,htx,mia,34,15,HOU,MIA,2024-nan-15-MIA@HOU,03ba4f017f8162c5249e8f8f394b5b3832465383
2024,,15,,,ARI,NE,ARI,NE,,,State Farm Stadium,,,,,,ARI,NE,crd,nwe,22,17,ARI,NE,2024-nan-15-NE@ARI,6b5dff9fba663e41f65c4ae758aff8df619fa6d2
2024,,15,,,JAX,NYJ,JAX,NYJ,,,TIAA Bank Stadium,,,,,,JAX,NYJ,jax,nyj,30,20,JAX,NYJ,2024-nan-15-NYJ@JAX,66a77547f54732da4b1fdf2105c8baf49dd3301f
2024,,15,,,PHI,PIT,PHI,PIT,,,Lincoln Financial Field,,,,,,PHI,PIT,phi,pit,21,23,PHI,PIT,2024-nan-15-PIT@PHI,797a152bd2473158a413420d6bd0acbb1ccee294
2024,,15,,,LAC,TB,LAC,TB,,,SoFi Stadium,,,,,,LAC,TB,sdg,tam,24,27,LAC,TB,2024-nan-15-TB@LAC,d31317ca29523ac815e383c6b30d3f90b8c54c28
2024,,15,,,NO,WAS,NO,WAS,,,Mercedes-Benz Superdome,,,,,,NO,WAS,nor,was,18,28,NO,WAS,2024-nan-15-WAS@NO,ab2509e1915114479111cb9697b1b335df2696f7
2024,,16,,,CAR,ARI,CAR,ARI,,,Bank of America Stadium,,,,,,CAR,ARI,car,crd,29,22,CAR,ARI,2024-nan-16-ARI@CAR,1470b4acb85e535ddf13c0ae9b848e759366b21a
2024,,16,,,CIN,CLE,CIN,CLE,,,Paycor Stadium,,,,,,CIN,CLE,cin,cle,4,5,CIN,CLE,2024-nan-16-CLE@CIN,00b5f654ca35635baade944eb53dff06dce0eb15
2024,,16,,,LAC,DEN,LAC,DEN,,,SoFi Stadium,,,,,,LAC,DEN,sdg,den,24,7,LAC,DEN,2024-nan-16-DEN@LAC,102fde31f037298bd9bf41501723e2b863fa6696
2024,,16,,,CHI,DET,CHI,DET,,,Soldier Field,,,,,,CHI,DET,chi,det,3,8,CHI,DET,2024-nan-16-DET@CHI,93055f110abd4689069a50c07ec3d7e8721aa39d
2024,,16,,,KC,HOU,KC,HOU,,,GEHA Field at Arrowhead Stadium,,,,,,KC,HOU,kan,htx,12,34,KC,HOU,2024-nan-16-HOU@KC,09792a4fa5274d9f5ed6bde6716516749bc375c2
2024,,16,,,LV,JAX,LV,JAX,,,Allegiant Stadium,,,,,,LV,JAX,rai,jax,13,30,LV,JAX,2024-nan-16-JAX@LV,4b917764f09645566eda8f4ba47f04f348446ff0
2024,,16,,,NYJ,LA,NYJ,LA,,,MetLife Stadium,,,,,,NYJ,LA,nyj,ram,20,14,NYJ,LA,2024-nan-16-LA@NYJ,d0ae145eb0c08e0a79e5b99d798083d146b3898e
2024,,16,,,SEA,MIN,SEA,MIN,,,Lumen Field,,,,,,SEA,MIN,sea,min,26,16,SEA,MIN,2024-nan-16-MIN@SEA,62813699ee10d39c1c9e7597296e549f5aa4a4ed
2024,,16,,,BUF,NE,BUF,NE,,,New Era Field,,,,,,BUF,NE,buf,nwe,2,17,BUF,NE,2024-nan-16-NE@BUF,63817f37233e45aefe573138794bbb5afcbee147
2024,,16,,,GB,NO,GB,NO,,,Lambeau Field,,,,,,GB,NO,gnb,nor,9,18,GB,NO,2024-nan-16-NO@GB,b32b49bd23138f57887770b4eb6d7952d74f39d9
2024,,16,,,ATL,NYG,ATL,NYG,,,Mercedes-Benz Stadium,,,,,,ATL,NYG,atl,nyg,1,19,ATL,NYG,2024-nan-16-NYG@ATL,a27de81544c3dd106594009daf3f5b2c1384fbf1
2024,,16,,,WAS,PHI,WAS,PHI,,,FedExField,,,,,,WAS,PHI,was,phi,28,21,WAS,PHI,2024-nan-16-PHI@WAS,21f6216a86cbf8703933e0c5565cccfcecdec032
2024,,16,,,BAL,PIT,BAL,PIT,,,M&T Bank Stadium,,,,,,BAL,PIT,rav,pit,33,23,BAL,PIT,2024-nan-16-PIT@BAL,fbcd3d62f7ee7f075808f6b68ea5919fa21adc1a
2024,,16,,,MIA,SF,MIA,SF,,,Hard Rock Stadium,,,,,,MIA,SF,mia,sfo,15,25,MIA,SF,2024-nan-16-SF@MIA,f3dd02255a2a29ca5514bba4bac9dc13ddec2e18
2024,,16,,,DAL,TB,DAL,TB,,,AT&T Stadium,,,,,,DAL,TB,dal,tam,6,27,DAL,TB,2024-nan-16-TB@DAL,66361e240df38b784050cdecffc593790fe22123
2024,,16,,,IND,TEN,IND,TEN,,,Lucas Oil Stadium,,,,,,IND,TEN,clt,oti,11,10,IND,TEN,2024-nan-16-TEN@IND,de58dbef3240df78d3bca7cc201e95a2b55c68d7
2024,,17,,,LA,ARI,LA,ARI,,,SoFi Stadium,,,,,,LA,ARI,ram,crd,14,22,LA,ARI,2024-nan-17-ARI@LA,e63e4c25e1ea88c91a2a330fd38c6b6505c92ae1
2024,,17,,,WAS,ATL,WAS,ATL,,,FedExField,,,,,,WAS,ATL,was,atl,28,1,WAS,ATL,2024-nan-17-ATL@WAS,ef86dd18f2b9a102d9e72f93fe9026b6f25d9c54
2024,,17,,,HOU,BAL,HOU,BAL,,,NRG Stadium,,,,,,HOU,BAL,htx,rav,34,33,HOU,BAL,2024-nan-17-BAL@HOU,b20911961fa274ccaf8a4ff4c033a603a11bf268
2024,,17,,,TB,CAR,TB,CAR,,,Raymond James Stadium,,,,,,TB,CAR,tam,car,27,29,TB,CAR,2024-nan-17-CAR@TB,d060925d7a13a9a04771edf56293bc7e5bba64ab
2024,,17,,,PHI,DAL,PHI,DAL,,,Lincoln Financial Field,,,,,,PHI,DAL,phi,dal,21,6,PHI,DAL,2024-nan-17-DAL@PHI,da675b9a39e24657a2b1ff5f6b406af3a6fd910e
2024,,17,,,CIN,DEN,CIN,DEN,,,Paycor Stadium,,,,,,CIN,DEN,cin,den,4,7,CIN,DEN,2024-nan-17-DEN@CIN,2720f31e6d1c02297ee36aac52e47710bb0b492b
2024,,17,,,SF,DET,SF,DET,,,Levi's Stadium,,,,,,SF,DET,sfo,det,25,8,SF,DET,2024-nan-17-DET@SF,1dddf9f7ec350c87213ef5c792d4cc2a554dbe9e
2024,,17,,,MIN,GB,MIN,GB,,,U.S. Bank Stadium,,,,,,MIN,GB,min,gnb,16,9,MIN,GB,2024-nan-17-GB@MIN,82b23354d462021a644e488ac64e385ef2911b4b
2024,,17,,,NYG,IND,NYG,IND,,,MetLife Stadium,,,,,,NYG,IND,nyg,clt,19,11,NYG,IND,2024-nan-17-IND@NYG,19817b0021612a97066fd6a05fa70880e3802998
2024,,17,,,PIT,KC,PIT,KC,,,Acrisure Stadium,,,,,,PIT,KC,pit,kan,23,12,PIT,KC,2024-nan-17-KC@PIT,a41295da5070c9631491fba48ed6c1dd5a59a246
2024,,17,,,NE,LAC,NE,LAC,,,Gillette Stadium,,,,,,NE,LAC,nwe,sdg,17,24,NE,LAC,2024-nan-17-LAC@NE,bbfd54cf9fb77cc26e16332b01f103ec8c44fc1e
2024,,17,,,NO,LV,NO,LV,,,Mercedes-Benz Superdome,,,,,,NO,LV,nor,rai,18,13,NO,LV,2024-nan-17-LV@NO,8bac1f9807dd9c973fc61068ab63e5eb370b0e1b
2024,,17,,,CLE,MIA,CLE,MIA,,,FirstEnergy Stadium,,,,,,CLE,MIA,cle,mia,5,15,CLE,MIA,2024-nan-17-MIA@CLE,1b15139e2254cdb521d1e9af95cb959bf65e7707
2024,,17,,,BUF,NYJ,BUF,NYJ,,,New Era Field,,,,,,BUF,NYJ,buf,nyj,2,20,BUF,NYJ,2024-nan-17-NYJ@BUF,d727afbc0c8c0b3a04a7734467b081d96338018f
2024,,17,,,CHI,SEA,CHI,SEA,,,Soldier Field,,,,,,CHI,SEA,chi,sea,3,26,CHI,SEA,2024-nan-17-SEA@CHI,c537d1382aedcda66a5bc4674f58cd652a0aceff
2024,,17,,,JAX,TEN,JAX,TEN,,,TIAA Bank Stadium,,,,,,JAX,TEN,jax,oti,30,10,JAX,TEN,2024-nan-17-TEN@JAX,a5f0b9a60350b33da35c19c42714186ac75da5bb
2024,,18,,,NE,BUF,NE,BUF,,,Gillette Stadium,,,,,,NE,BUF,nwe,buf,17,2,NE,BUF,2024-nan-18-BUF@NE,64a12e2cf4c4042de66b11e8032fe9c519d552c1
2024,,18,,,ATL,CAR,ATL,CAR,,,Mercedes-Benz Stadium,,,,,,ATL,CAR,atl,car,1,29,ATL,CAR,2024-nan-18-CAR@ATL,518a6bd7c7ca08f0a7b87e36730dfbe67dbfd3b6
2024,,18,,,GB,CHI,GB,CHI,,,Lambeau Field,,,,,,GB,CHI,gnb,chi,9,3,GB,CHI,2024-nan-18-CHI@GB,f3f747c9814ca4d237dd8fd00308dfdde234fd1d
2024,,18,,,PIT,CIN,PIT,CIN,,,Acrisure Stadium,,,,,,PIT,CIN,pit,cin,23,4,PIT,CIN,2024-nan-18-CIN@PIT,06a16e7c1930b7eb87ddae1ab8b33eed52963271
2024,,18,,,BAL,CLE,BAL,CLE,,,M&T Bank Stadium,,,,,,BAL,CLE,rav,cle,33,5,BAL,CLE,2024-nan-18-CLE@BAL,7308ca287720d99a3a3c2c546cf47bc06bc9b088
2024,,18,,,TEN,HOU,TEN,HOU,,,Nissan Stadium,,,,,,TEN,HOU,oti,htx,10,34,TEN,HOU,2024-nan-18-HOU@TEN,e2c0f0993e89a5caff55b2b640548dd878743511
2024,,18,,,IND,JAX,IND,JAX,,,Lucas Oil Stadium,,,,,,IND,JAX,clt,jax,11,30,IND,JAX,2024-nan-18-JAX@IND,945c1aabe8d83238c92020e076b4da34e75d002d
2024,,18,,,DEN,KC,DEN,KC,,,Empower Field at Mile High,,,,,,DEN,KC,den,kan,7,12,DEN,KC,2024-nan-18-KC@DEN,c18505fda456192a1b0308bdc7189e9f74a51569
2024,,18,,,LV,LAC,LV,LAC,,,Allegiant Stadium,,,,,,LV,LAC,rai,sdg,13,24,LV,LAC,2024-nan-18-LAC@LV,f70e7076bb3e0cc4a069628842b01e86c1409a55
2024,,18,,,NYJ,MIA,NYJ,MIA,,,MetLife Stadium,,,,,,NYJ,MIA,nyj,mia,20,15,NYJ,MIA,2024-nan-18-MIA@NYJ,15cd7f5d15a30a7438847c21eb11582ca416d031
2024,,18,,,DET,MIN,DET,MIN,,,Ford Field,,,,,,DET,MIN,det,min,8,16,DET,MIN,2024-nan-18-MIN@DET,2754f5121f594c97ed747d4881d4395ca9ded644
2024,,18,,,TB,NO,TB,NO,,,Raymond James Stadium,,,,,,TB,NO,tam,nor,27,18,TB,NO,2024-nan-18-NO@TB,770eceaf28abce1dee0042ffd79720c5ffb86889
2024,,18,,,PHI,NYG,PHI,NYG,,,Lincoln Financial Field,,,,,,PHI,NYG,phi,nyg,21,19,PHI,NYG,2024-nan-18-NYG@PHI,19b8635f8c576053ff633d58339d3b3d18390be6
2024,,18,,,LA,SEA,LA,SEA,,,SoFi Stadium,,,,,,LA,SEA,ram,sea,14,26,LA,SEA,2024-nan-18-SEA@LA,9fe9b5ebe0816a03d807b1f0519ae7411b652f47
2024,,18,,,ARI,SF,ARI,SF,,,State Farm Stadium,,,,,,ARI,SF,crd,sfo,22,25,ARI,SF,2024-nan-18-SF@ARI,a2afcba006d937a42edf7ad2414d2e5a3f5ad97c
2024,,18,,,DAL,WAS,DAL,WAS,,,AT&T Stadium,,,,,,DAL,WAS,dal,was,6,28,DAL,WAS,2024-nan-18-WAS@DAL,b2ab24e9d012178612291184a4c70ba38e157e78
2024,,19,,,BUF,DEN,BUF,DEN,,,New Era Field,,,,,,BUF,DEN,buf,den,2,7,BUF,DEN,2024-nan-19-DEN@BUF,5980477809c1b90fcf789aaa5880fb4f26ddaad7
2024,,19,,,PHI,GB,PHI,GB,,,Lincoln Financial Field,,,,,,PHI,GB,phi,gnb,21,9,PHI,GB,2024-nan-19-GB@PHI,29c831a1d09ef50540015258694bcdb7ec64076c
2024,,19,,,HOU,LAC,HOU,LAC,,,NRG Stadium,,,,,,HOU,LAC,htx,sdg,34,24,HOU,LAC,2024-nan-19-LAC@HOU,310c43afec7b22c9aba84bcf29bcef9a2dc2307d
2024,,19,,,LA,MIN,LA,MIN,,,State Farm Stadium,,,,,,LA,MIN,ram,min,14,16,LA,MIN,2024-nan-19-MIN@LA,d3edbfc71637b18253efb39cd7ba053600edaeae
2024,,19,,,BAL,PIT,BAL,PIT,,,M&T Bank Stadium,,,,,,BAL,PIT,rav,pit,33,23,BAL,PIT,2024-nan-19-PIT@BAL,125b8a67aa87e6e5096e68af8113c68bb123bdce
2024,,19,,,TB,WAS,TB,WAS,,,Raymond James Stadium,,,,,,TB,WAS,tam,was,27,28,TB,WAS,2024-nan-19-WAS@TB,b503b72c0970f2f15a6e97ac4dd6a48581874b6d
2024,,20,,,BUF,BAL,BUF,BAL,,,New Era Field,,,,,,BUF,BAL,buf,rav,2,33,BUF,BAL,2024-nan-20-BAL@BUF,003a0137d69791bbd46f9a5bd0c5ffee1c56ef5d
2024,,20,,,KC,HOU,KC,HOU,,,GEHA Field at Arrowhead Stadium,,,,,,KC,HOU,kan,htx,12,34,KC,HOU,2024-nan-20-HOU@KC,cfe1f26a910b537802331ef0f322d3f44f224ea7
2024,,20,,,PHI,LA,PHI,LA,,,Lincoln Financial Field,,,,,,PHI,LA,phi,ram,21,14,PHI,LA,2024-nan-20-LA@PHI,04068dd1c38106d7355771db462dcbad94a7e344
2024,,20,,,DET,WAS,DET,WAS,,,Ford Field,,,,,,DET,WAS,det,was,8,28,DET,WAS,2024-nan-20-WAS@DET,6b8cfaccdefcc8f1356d84033eb9e8e0936f6207
2024,,21,,,KC,BUF,KC,BUF,,,GEHA Field at Arrowhead Stadium,,,,,,KC,BUF,kan,buf,12,2,KC,BUF,2024-nan-21-BUF@KC,da4a57d5ed9634ddb97dc85f427cceaa72696143
2024,,21,,,PHI,WAS,PHI,WAS,,,Lincoln Financial Field,,,,,,PHI,WAS,phi,was,21,28,PHI,WAS,2024-nan-21-WAS@PHI,1f1898456a10b66cffbe3971498e1c3403e34da0
2024,,22,,,PHI,KC,PHI,KC,,,Mercedes-Benz Superdome,,,,,,PHI,KC,phi,kan,21,12,PHI,KC,2024-nan-22-KC@PHI,91f3207701b93219e7e84ad107e2bb948547812d
2025,,1,,,NO,ARI,NO,ARI,,,Mercedes-Benz Superdome,,,,,,NO,ARI,nor,crd,18,22,NO,ARI,2025-nan-01-ARI@NO,e2675066a802ec2b84d0fac32305a99617e4e7f8
2025,,1,,,BUF,BAL,BUF,BAL,,,New Era Field,,,,,,BUF,BAL,buf,rav,2,33,BUF,BAL,2025-nan-01-BAL@BUF,80855dc7b558618a9b15572141f695428d3e0812
2025,,1,,,JAX,CAR,JAX,CAR,,,TIAA Bank Stadium,,,,,,JAX,CAR,jax,car,30,29,JAX,CAR,2025-nan-01-CAR@JAX,734c1cffdbc1675726552d21cc082316d1c1b343
2025,,1,,,CLE,CIN,CLE,CIN,,,FirstEnergy Stadium,,,,,,CLE,CIN,cle,cin,5,4,CLE,CIN,2025-nan-01-CIN@CLE,b7d93c7fa7091826d6b2210a5dd9e8cba2071541
2025,,1,,,PHI,DAL,PHI,DAL,,,Lincoln Financial Field,,,,,,PHI,DAL,phi,dal,21,6,PHI,DAL,2025-nan-01-DAL@PHI,2a58d0005e2475a1fb20465bf87fd640e6b3e55a
2025,,1,,,GB,DET,GB,DET,,,Lambeau Field,,,,,,GB,DET,gnb,det,9,8,GB,DET,2025-nan-01-DET@GB,456211c7237bfe7c43f003fdc728ea065835a321
2025,,1,,,LA,HOU,LA,HOU,,,SoFi Stadium,,,,,,LA,HOU,ram,htx,14,34,LA,HOU,2025-nan-01-HOU@LA,017afe129ca28b77e290905415ea4e2962184fe7
2025,,1,,,LAC,KC,LAC,KC,,,SoFi Stadium,,,,,,LAC,KC,sdg,kan,24,12,LAC,KC,2025-nan-01-KC@LAC,124659ada3ff2db5679c2e00a5c9259d68077d6b
2025,,1,,,NE,LV,NE,LV,,,Gillette Stadium,,,,,,NE,LV,nwe,rai,17,13,NE,LV,2025-nan-01-LV@NE,d0322662486b4d968d30398790b587ed59eb1897
2025,,1,,,IND,MIA,IND,MIA,,,Lucas Oil Stadium,,,,,,IND,MIA,clt,mia,11,15,IND,MIA,2025-nan-01-MIA@IND,445e783bafc0240bf7977e97ab87b2cb238a0c15
2025,,1,,,CHI,MIN,CHI,MIN,,,Soldier Field,,,,,,CHI,MIN,chi,min,3,16,CHI,MIN,2025-nan-01-MIN@CHI,aa5193dda38d43254a6e08378fd2b5f4b12e82c7
2025,,1,,,WAS,NYG,WAS,NYG,,,FedExField,,,,,,WAS,NYG,was,nyg,28,19,WAS,NYG,2025-nan-01-NYG@WAS,6d0f1c24d8dfbfd70840cd60295d2a28c5927eb0
2025,,1,,,NYJ,PIT,NYJ,PIT,,,MetLife Stadium,,,,,,NYJ,PIT,nyj,pit,20,23,NYJ,PIT,2025-nan-01-PIT@NYJ,384bdace80bf01c4aa66410224f99608c0100ccc
2025,,1,,,SEA,SF,SEA,SF,,,Lumen Field,,,,,,SEA,SF,sea,sfo,26,25,SEA,SF,2025-nan-01-SF@SEA,6f802926f4a628a700abbc3ea2addd68a00edf1a
2025,,1,,,ATL,TB,ATL,TB,,,Mercedes-Benz Stadium,,,,,,ATL,TB,atl,tam,1,27,ATL,TB,2025-nan-01-TB@ATL,6caf387feaefe4815e24da86267645fa331bb23c
2025,,1,,,DEN,TEN,DEN,TEN,,,Empower Field at Mile High,,,,,,DEN,TEN,den,oti,7,10,DEN,TEN,2025-nan-01-TEN@DEN,c08ac483d5dc05ea40fd854d7bd871adc2f551cb
2025,,2,,,MIN,ATL,MIN,ATL,,,U.S. Bank Stadium,,,,,,MIN,ATL,min,atl,16,1,MIN,ATL,2025-nan-02-ATL@MIN,349dae9947b30908375e8a26e1863395f18f5489
2025,,2,,,NYJ,BUF,NYJ,BUF,,,MetLife Stadium,,,,,,NYJ,BUF,nyj,buf,20,2,NYJ,BUF,2025-nan-02-BUF@NYJ,f9703b9517df9050aaf601f7a65da9cd9dca4722
2025,,2,,,ARI,CAR,ARI,CAR,,,State Farm Stadium,,,,,,ARI,CAR,crd,car,22,29,ARI,CAR,2025-nan-02-CAR@ARI,b57e14377fa04474c6edfa1104b73babae5964bc
2025,,2,,,DET,CHI,DET,CHI,,,Ford Field,,,,,,DET,CHI,det,chi,8,3,DET,CHI,2025-nan-02-CHI@DET,fcd5e93500b75dd1071219e5bd95c51b6157b902
2025,,2,,,BAL,CLE,BAL,CLE,,,M&T Bank Stadium,,,,,,BAL,CLE,rav,cle,33,5,BAL,CLE,2025-nan-02-CLE@BAL,8043ffbde12e96253c54e2e537e4f6ce5d670692
2025,,2,,,IND,DEN,IND,DEN,,,Lucas Oil Stadium,,,,,,IND,DEN,clt,den,11,7,IND,DEN,2025-nan-02-DEN@IND,00e19c743dbd08cb3d71a2f392526b7bfb9274d3
2025,,2,,,CIN,JAX,CIN,JAX,,,Paycor Stadium,,,,,,CIN,JAX,cin,jax,4,30,CIN,JAX,2025-nan-02-JAX@CIN,327c7a0426db528b8f7ec8691629734517f6cacd
2025,,2,,,LV,LAC,LV,LAC,,,Allegiant Stadium,,,,,,LV,LAC,rai,sdg,13,24,LV,LAC,2025-nan-02-LAC@LV,6f2e6933c98d8b1b0c3f28f2d6470919ae748fb6
2025,,2,,,TEN,LA,TEN,LA,,,Nissan Stadium,,,,,,TEN,LA,oti,ram,10,14,TEN,LA,2025-nan-02-LA@TEN,3530d6a97c5dae4108f97feda77244d015e619b6
2025,,2,,,MIA,NE,MIA,NE,,,Hard Rock Stadium,,,,,,MIA,NE,mia,nwe,15,17,MIA,NE,2025-nan-02-NE@MIA,3cd9b2add4ac699acd4a37f58ea3813d432b7daa
2025,,2,,,DAL,NYG,DAL,NYG,,,AT&T Stadium,,,,,,DAL,NYG,dal,nyg,6,19,DAL,NYG,2025-nan-02-NYG@DAL,36754389495ebd2eaedadeb7f902f5c3be8b211c
2025,,2,,,KC,PHI,KC,PHI,,,GEHA Field at Arrowhead Stadium,,,,,,KC,PHI,kan,phi,12,21,KC,PHI,2025-nan-02-PHI@KC,0dee75b7903ce99422dd1712e5f95e4bda8a9ebd
2025,,2,,,PIT,SEA,PIT,SEA,,,Acrisure Stadium,,,,,,PIT,SEA,pit,sea,23,26,PIT,SEA,2025-nan-02-SEA@PIT,16cbd51bb29988049f7bde2adaef3764f3dd0e88
2025,,2,,,NO,SF,NO,SF,,,Mercedes-Benz Superdome,,,,,,NO,SF,nor,sfo,18,25,NO,SF,2025-nan-02-SF@NO,a41b11d18559633a6bb0cb086944a24b0d7d2839
2025,,2,,,HOU,TB,HOU,TB,,,NRG Stadium,,,,,,HOU,TB,htx,tam,34,27,HOU,TB,2025-nan-02-TB@HOU,6216669b28db2a5765cc65629ec84391acaaab99
2025,,2,,,GB,WAS,GB,WAS,,,Lambeau Field,,,,,,GB,WAS,gnb,was,9,28,GB,WAS,2025-nan-02-WAS@GB,d055b0cdfc7d632c77544a1f53b5c8590cfb2ca4
2025,,3,,,SF,ARI,SF,ARI,,,Levi's Stadium,,,,,,SF,ARI,sfo,crd,25,22,SF,ARI,2025-nan-03-ARI@SF,2877e99002ad41fd2b33c29f49d3c0e2d76ba7f9
2025,,3,,,CAR,ATL,CAR,ATL,,,Bank of America Stadium,,,,,,CAR,ATL,car,atl,29,1,CAR,ATL,2025-nan-03-ATL@CAR,e2d644f2428baf143b83cc5be7c73e9293c93cec
2025,,3,,,MIN,CIN,MIN,CIN,,,U.S. Bank Stadium,,,,,,MIN,CIN,min,cin,16,4,MIN,CIN,2025-nan-03-CIN@MIN,7fd7a8a836cb55c2e3a58be3811d5eed6b8d2fea
2025,,3,,,CHI,DAL,CHI,DAL,,,Soldier Field,,,,,,CHI,DAL,chi,dal,3,6,CHI,DAL,2025-nan-03-DAL@CHI,0d57a0e4d8a0df34ad7ed68645b43ad8f228a03d
2025,,3,,,LAC,DEN,LAC,DEN,,,SoFi Stadium,,,,,,LAC,DEN,sdg,den,24,7,LAC,DEN,2025-nan-03-DEN@LAC,f04ee630e709ce072d594b7433fb5b03fb995a42
2025,,3,,,BAL,DET,BAL,DET,,,M&T Bank Stadium,,,,,,BAL,DET,rav,det,33,8,BAL,DET,2025-nan-03-DET@BAL,6291cea3136017e7db0d0d0a67f479c007232774
2025,,3,,,CLE,GB,CLE,GB,,,FirstEnergy Stadium,,,,,,CLE,GB,cle,gnb,5,9,CLE,GB,2025-nan-03-GB@CLE,3070fb5aa36478406df50e74bb497bad85f55970
2025,,3,,,JAX,HOU,JAX,HOU,,,TIAA Bank Stadium,,,,,,JAX,HOU,jax,htx,30,34,JAX,HOU,2025-nan-03-HOU@JAX,9f61fda0f085303a7a3e938bb5293ff7fd6219ce
2025,,3,,,TEN,IND,TEN,IND,,,Nissan Stadium,,,,,,TEN,IND,oti,clt,10,11,TEN,IND,2025-nan-03-IND@TEN,1892e37f1b469977f754a1db8a75001aac602229
2025,,3,,,NYG,KC,NYG,KC,,,MetLife Stadium,,,,,,NYG,KC,nyg,kan,19,12,NYG,KC,2025-nan-03-KC@NYG,f4497192c9c9311d566dd3d8e615941a4df4274b
2025,,3,,,PHI,LA,PHI,LA,,,Lincoln Financial Field,,,,,,PHI,LA,phi,ram,21,14,PHI,LA,2025-nan-03-LA@PHI,af044ae4ce3e092a1068b47fd3fbe75e50ee61fa
2025,,3,,,WAS,LV,WAS,LV,,,FedExField,,,,,,WAS,LV,was,rai,28,13,WAS,LV,2025-nan-03-LV@WAS,cb78411435460096946b2a7dd4064f12fabcb234
2025,,3,,,BUF,MIA,BUF,MIA,,,New Era Field,,,,,,BUF,MIA,buf,mia,2,15,BUF,MIA,2025-nan-03-MIA@BUF,23c936f875f42edb47f0a8dde8ed456217f78d42
2025,,3,,,SEA,NO,SEA,NO,,,Lumen Field,,,,,,SEA,NO,sea,nor,26,18,SEA,NO,2025-nan-03-NO@SEA,2f9098468b7f2e7648f4426baba085161de5b557
2025,,3,,,TB,NYJ,TB,NYJ,,,Raymond James Stadium,,,,,,TB,NYJ,tam,nyj,27,20,TB,NYJ,2025-nan-03-NYJ@TB,9b1ccc9e2d026468691f71c5c81eb9a156e0f944
2025,,3,,,NE,PIT,NE,PIT,,,Gillette Stadium,,,,,,NE,PIT,nwe,pit,17,23,NE,PIT,2025-nan-03-PIT@NE,7e3108bdb46b1d8aefc4793b3ace7f44a19dbe67
2025,,4,,,KC,BAL,KC,BAL,,,GEHA Field at Arrowhead Stadium,,,,,,KC,BAL,kan,rav,12,33,KC,BAL,2025-nan-04-BAL@KC,67ecaac3f457ad794d6f1a7d2d77b2d8cee05abe
2025,,4,,,NE,CAR,NE,CAR,,,Gillette Stadium,,,,,,NE,CAR,nwe,car,17,29,NE,CAR,2025-nan-04-CAR@NE,821ede5809a0649c4e2b4a57a78ccc7b7da1f5fa
2025,,4,,,LV,CHI,LV,CHI,,,Allegiant Stadium,,,,,,LV,CHI,rai,chi,13,3,LV,CHI,2025-nan-04-CHI@LV,987388ad8832aabe294a0cc87f6776eed0c0d492
2025,,4,,,DEN,CIN,DEN,CIN,,,Empower Field at Mile High,,,,,,DEN,CIN,den,cin,7,4,DEN,CIN,2025-nan-04-CIN@DEN,dce63d48592a231e7faf827ba585583899464af7
2025,,4,,,DET,CLE,DET,CLE,,,Ford Field,,,,,,DET,CLE,det,cle,8,5,DET,CLE,2025-nan-04-CLE@DET,7b8345da6b7d8c99f9de38d2270e5aa8ac4050d7
2025,,4,,,DAL,GB,DAL,GB,,,AT&T Stadium,,,,,,DAL,GB,dal,gnb,6,9,DAL,GB,2025-nan-04-GB@DAL,43e217006af71badf36fdc50aed2afe53f88a191
2025,,4,,,LA,IND,LA,IND,,,SoFi Stadium,,,,,,LA,IND,ram,clt,14,11,LA,IND,2025-nan-04-IND@LA,4503c3d8cb453c6c37673dab6f6eb35fbebc97cd
2025,,4,,,SF,JAX,SF,JAX,,,Levi's Stadium,,,,,,SF,JAX,sfo,jax,25,30,SF,JAX,2025-nan-04-JAX@SF,1a476ab15778be2548a58f782b5bb248970967b7
2025,,4,,,NYG,LAC,NYG,LAC,,,MetLife Stadium,,,,,,NYG,LAC,nyg,sdg,19,24,NYG,LAC,2025-nan-04-LAC@NYG,8a9661164ec2accc8554ac4b610a9ec68c1037ce
2025,,4,,,PIT,MIN,PIT,MIN,,,Acrisure Stadium,,,,,,PIT,MIN,pit,min,23,16,PIT,MIN,2025-nan-04-MIN@PIT,ed064638b3f8c9a6648d1d865d89f8926c48e1ca
2025,,4,,,BUF,NO,BUF,NO,,,New Era Field,,,,,,BUF,NO,buf,nor,2,18,BUF,NO,2025-nan-04-NO@BUF,168d3bed5b5faf7804ed7180196340d546fc901c
2025,,4,,,MIA,NYJ,MIA,NYJ,,,Hard Rock Stadium,,,,,,MIA,NYJ,mia,nyj,15,20,MIA,NYJ,2025-nan-04-NYJ@MIA,e4ee8c153f64b9dd71df24e28069f800134200a9
2025,,4,,,TB,PHI,TB,PHI,,,Raymond James Stadium,,,,,,TB,PHI,tam,phi,27,21,TB,PHI,2025-nan-04-PHI@TB,11578fcfd7547db8c5a8f6b69de85fce81186d6b
2025,,4,,,ARI,SEA,ARI,SEA,,,State Farm Stadium,,,,,,ARI,SEA,crd,sea,22,26,ARI,SEA,2025-nan-04-SEA@ARI,2483043f1fa4807dea53131acaac4ba821a6e20c
2025,,4,,,HOU,TEN,HOU,TEN,,,NRG Stadium,,,,,,HOU,TEN,htx,oti,34,10,HOU,TEN,2025-nan-04-TEN@HOU,f13186880b3f147ce67d9c07628e7f0986f4f105
2025,,4,,,ATL,WAS,ATL,WAS,,,Mercedes-Benz Stadium,,,,,,ATL,WAS,atl,was,1,28,ATL,WAS,2025-nan-04-WAS@ATL,384a7c6fd0c8cfbbbcf984842c9560162bd4d5a7
2025,,5,,,NYJ,DAL,NYJ,DAL,,,MetLife Stadium,,,,,,NYJ,DAL,nyj,dal,20,6,NYJ,DAL,2025-nan-05-DAL@NYJ,b91cf1a53dc6823283b4cda54d1b5e5c181ab2fd
2025,,5,,,PHI,DEN,PHI,DEN,,,Lincoln Financial Field,,,,,,PHI,DEN,phi,den,21,7,PHI,DEN,2025-nan-05-DEN@PHI,b9471bf8a6882e6ea9378bb8f584604a5c2f0582
2025,,5,,,CIN,DET,CIN,DET,,,Paycor Stadium,,,,,,CIN,DET,cin,det,4,8,CIN,DET,2025-nan-05-DET@CIN,d5d7178e86343f4b7a607be058770da4c39f1192
2025,,5,,,BAL,HOU,BAL,HOU,,,M&T Bank Stadium,,,,,,BAL,HOU,rav,htx,33,34,BAL,HOU,2025-nan-05-HOU@BAL,f57bbf897ede850e3d4aa8b54151bbb6c2b0b022
2025,,5,,,JAX,KC,JAX,KC,,,TIAA Bank Stadium,,,,,,JAX,KC,jax,kan,30,12,JAX,KC,2025-nan-05-KC@JAX,5ce27fee40ab3a2bce84c3187fc30325d5ea18a8
2025,,5,,,IND,LV,IND,LV,,,Lucas Oil Stadium,,,,,,IND,LV,clt,rai,11,13,IND,LV,2025-nan-05-LV@IND,4338fb7f7c3ff72bb05b0e616ca4b7bbb6d7cefa
2025,,5,,,CAR,MIA,CAR,MIA,,,Bank of America Stadium,,,,,,CAR,MIA,car,mia,29,15,CAR,MIA,2025-nan-05-MIA@CAR,f23014e3238c317bcd3e6763c0253ccb279620e6
2025,,5,,,CLE,MIN,CLE,MIN,,,FirstEnergy Stadium,,,,,,CLE,MIN,cle,min,5,16,CLE,MIN,2025-nan-05-MIN@CLE,dab8b85abe3d8f5725fac8c6f1d29b711d1d8923
2025,,5,,,BUF,NE,BUF,NE,,,New Era Field,,,,,,BUF,NE,buf,nwe,2,17,BUF,NE,2025-nan-05-NE@BUF,895cd7017e73773760b7cbce48473926688cdc72
2025,,5,,,NO,NYG,NO,NYG,,,Mercedes-Benz Superdome,,,,,,NO,NYG,nor,nyg,18,19,NO,NYG,2025-nan-05-NYG@NO,6ecf4b14c4f71f160970abfed0fead6b7a65c74a
2025,,5,,,LA,SF,LA,SF,,,SoFi Stadium,,,,,,LA,SF,ram,sfo,14,25,LA,SF,2025-nan-05-SF@LA,f02a35d734fa1c11ca9c8c3dee64a0f1a34963c2
2025,,5,,,SEA,TB,SEA,TB,,,Lumen Field,,,,,,SEA,TB,sea,tam,26,27,SEA,TB,2025-nan-05-TB@SEA,eb32209f9ea10af8b48a5e295fb115a5ee8d02aa
2025,,5,,,ARI,TEN,ARI,TEN,,,State Farm Stadium,,,,,,ARI,TEN,crd,oti,22,10,ARI,TEN,2025-nan-05-TEN@ARI,13a7e2ba7b731aadfb165d06ee7f39fcecae7cc2
2025,,5,,,LAC,WAS,LAC,WAS,,,SoFi Stadium,,,,,,LAC,WAS,sdg,was,24,28,LAC,WAS,2025-nan-05-WAS@LAC,1f32024934385affc7f81dcaa45000e8e5e10397
2025,,6,,,IND,ARI,IND,ARI,,,Lucas Oil Stadium,,,,,,IND,ARI,clt,crd,11,22,IND,ARI,2025-nan-06-ARI@IND,75c196419fa89f8f3400ebd14b1d74a1a216d3e0
2025,,6,,,ATL,BUF,ATL,BUF,,,Mercedes-Benz Stadium,,,,,,ATL,BUF,atl,buf,1,2,ATL,BUF,2025-nan-06-BUF@ATL,03339a39b7d637031627ab5f55f89735c7dd4f43
2025,,6,,,WAS,CHI,WAS,CHI,,,FedExField,,,,,,WAS,CHI,was,chi,28,3,WAS,CHI,2025-nan-06-CHI@WAS,746ca296b6253e0218a587a7007f604840a40819
2025,,6,,,GB,CIN,GB,CIN,,,Lambeau Field,,,,,,GB,CIN,gnb,cin,9,4,GB,CIN,2025-nan-06-CIN@GB,4b2a27a9bfcecce4a4475c41ec1f96cb3c5bcf55
2025,,6,,,PIT,CLE,PIT,CLE,,,Acrisure Stadium,,,,,,PIT,CLE,pit,cle,23,5,PIT,CLE,2025-nan-06-CLE@PIT,14a37abcc3653309fb3ba303d24021a12cdb7e7a
2025,,6,,,CAR,DAL,CAR,DAL,,,Bank of America Stadium,,,,,,CAR,DAL,car,dal,29,6,CAR,DAL,2025-nan-06-DAL@CAR,f2564d21e19224929df4ae74af671deacc8f6270
2025,,6,,,NYJ,DEN,NYJ,DEN,,,MetLife Stadium,,,,,,NYJ,DEN,nyj,den,20,7,NYJ,DEN,2025-nan-06-DEN@NYJ,dbf20252bfbf122ce5c624034a293aad7b63a457
2025,,6,,,KC,DET,KC,DET,,,GEHA Field at Arrowhead Stadium,,,,,,KC,DET,kan,det,12,8,KC,DET,2025-nan-06-DET@KC,d6b77b5a661b67051949470d18b62c2d21aeaf74
2025,,6,,,MIA,LAC,MIA,LAC,,,Hard Rock Stadium,,,,,,MIA,LAC,mia,sdg,15,24,MIA,LAC,2025-nan-06-LAC@MIA,9f749e7612425187734da7b060e32ce4e4531506
2025,,6,,,BAL,LA,BAL,LA,,,M&T Bank Stadium,,,,,,BAL,LA,rav,ram,33,14,BAL,LA,2025-nan-06-LA@BAL,f406d10006707d52471cb27c0d191b89b222ee11
2025,,6,,,NO,NE,NO,NE,,,Mercedes-Benz Superdome,,,,,,NO,NE,nor,nwe,18,17,NO,NE,2025-nan-06-NE@NO,e611dc09790756b95a27187e79cfd6b9f7f088b4
2025,,6,,,NYG,PHI,NYG,PHI,,,MetLife Stadium,,,,,,NYG,PHI,nyg,phi,19,21,NYG,PHI,2025-nan-06-PHI@NYG,2139934ba38b004ca653fdce49d3bd64ebfbbe36
2025,,6,,,JAX,SEA,JAX,SEA,,,TIAA Bank Stadium,,,,,,JAX,SEA,jax,sea,30,26,JAX,SEA,2025-nan-06-SEA@JAX,a227d6566ea3ce08e8a9ba6b987bb44602e11f3a
2025,,6,,,TB,SF,TB,SF,,,Raymond James Stadium,,,,,,TB,SF,tam,sfo,27,25,TB,SF,2025-nan-06-SF@TB,66fefc9c84d6777fd503c64e481e0b96a5548247
2025,,6,,,LV,TEN,LV,TEN,,,Allegiant Stadium,,,,,,LV,TEN,rai,oti,13,10,LV,TEN,2025-nan-06-TEN@LV,d6158cca63b79145dace844e84a9dc7e14496be2
2025,,7,,,SF,ATL,SF,ATL,,,Levi's Stadium,,,,,,SF,ATL,sfo,atl,25,1,SF,ATL,2025-nan-07-ATL@SF,653d90abb6926b5a801db29e45e9156a448d74f6
2025,,7,,,NYJ,CAR,NYJ,CAR,,,MetLife Stadium,,,,,,NYJ,CAR,nyj,car,20,29,NYJ,CAR,2025-nan-07-CAR@NYJ,9594ead97109f2f50bab8d93e38b31e5c6dc8d52
2025,,7,,,ARI,GB,ARI,GB,,,State Farm Stadium,,,,,,ARI,GB,crd,gnb,22,9,ARI,GB,2025-nan-07-GB@ARI,c914a5d19cb8f27df918b611b8ce5df2db58aa53
2025,,7,,,SEA,HOU,SEA,HOU,,,Lumen Field,,,,,,SEA,HOU,sea,htx,26,34,SEA,HOU,2025-nan-07-HOU@SEA,ec3a2f77651ccdace48a792b58466aac7a913d92
2025,,7,,,LAC,IND,LAC,IND,,,SoFi Stadium,,,,,,LAC,IND,sdg,clt,24,11,LAC,IND,2025-nan-07-IND@LAC,189ebeb90eabe69b2435197648ec3d122fa63191
2025,,7,,,JAX,LA,JAX,LA,,,TIAA Bank Stadium,,,,,,JAX,LA,jax,ram,30,14,JAX,LA,2025-nan-07-LA@JAX,3e4c0f69ec0fbc8849623dd85cddcb0ed460080f
2025,,7,,,KC,LV,KC,LV,,,GEHA Field at Arrowhead Stadium,,,,,,KC,LV,kan,rai,12,13,KC,LV,2025-nan-07-LV@KC,335ec768fc60df56f1b23eb8911cc2bd66189cf0
2025,,7,,,CLE,MIA,CLE,MIA,,,FirstEnergy Stadium,,,,,,CLE,MIA,cle,mia,5,15,CLE,MIA,2025-nan-07-MIA@CLE,f43dda8da72c8b39af071c1bf574235340dba651
2025,,7,,,TEN,NE,TEN,NE,,,Nissan Stadium,,,,,,TEN,NE,oti,nwe,10,17,TEN,NE,2025-nan-07-NE@TEN,865e38c2119ee5e4398aff3d1864e8d3d637aadf
2025,,7,,,CHI,NO,CHI,NO,,,Soldier Field,,,,,,CHI,NO,chi,nor,3,18,CHI,NO,2025-nan-07-NO@CHI,c363843eaee3f5e0a83aa85bb25f5c84d74bbd32
2025,,7,,,DEN,NYG,DEN,NYG,,,Empower Field at Mile High,,,,,,DEN,NYG,den,nyg,7,19,DEN,NYG,2025-nan-07-NYG@DEN,235d0d26de43e7b918b5f866141291fe31ddffb5
2025,,7,,,MIN,PHI,MIN,PHI,,,U.S. Bank Stadium,,,,,,MIN,PHI,min,phi,16,21,MIN,PHI,2025-nan-07-PHI@MIN,e56dd461c49a26e52d585b8d477b7a643e709d02
2025,,7,,,CIN,PIT,CIN,PIT,,,Paycor Stadium,,,,,,CIN,PIT,cin,pit,4,23,CIN,PIT,2025-nan-07-PIT@CIN,00ed4560e76ae79095e146b04a3c52f7d8346eb3
2025,,7,,,DET,TB,DET,TB,,,Ford Field,,,,,,DET,TB,det,tam,8,27,DET,TB,2025-nan-07-TB@DET,b59048df2ef0a091e8bf2ece06310b56f9db9a6f
2025,,7,,,DAL,WAS,DAL,WAS,,,AT&T Stadium,,,,,,DAL,WAS,dal,was,6,28,DAL,WAS,2025-nan-07-WAS@DAL,01e1b027aa9c48b6fcfba0bdb4b6d66d84cd26f0
2025,,8,,,CAR,BUF,CAR,BUF,,,Bank of America Stadium,,,,,,CAR,BUF,car,buf,29,2,CAR,BUF,2025-nan-08-BUF@CAR,11e0972e1dd59578da96f63e6b14ca2c86ab45e9
2025,,8,,,BAL,CHI,BAL,CHI,,,M&T Bank Stadium,,,,,,BAL,CHI,rav,chi,33,3,BAL,CHI,2025-nan-08-CHI@BAL,5aafd8a4eb05d95b53e79cbd8abc553a22ac2edf
2025,,8,,,NE,CLE,NE,CLE,,,Gillette Stadium,,,,,,NE,CLE,nwe,cle,17,5,NE,CLE,2025-nan-08-CLE@NE,1c00474543282b8a1d59a08d8c46e2e46fc41b07
2025,,8,,,DEN,DAL,DEN,DAL,,,Empower Field at Mile High,,,,,,DEN,DAL,den,dal,7,6,DEN,DAL,2025-nan-08-DAL@DEN,8d43203569485814cb27e82bd43c697ddcf92025
2025,,8,,,PIT,GB,PIT,GB,,,Acrisure Stadium,,,,,,PIT,GB,pit,gnb,23,9,PIT,GB,2025-nan-08-GB@PIT,5c615444ca968947660e4175fc198f7669088a0b
2025,,8,,,ATL,MIA,ATL,MIA,,,Mercedes-Benz Stadium,,,,,,ATL,MIA,atl,mia,1,15,ATL,MIA,2025-nan-08-MIA@ATL,2c607df7220541e178402454a97a36c9a297fcf4
2025,,8,,,LAC,MIN,LAC,MIN,,,SoFi Stadium,,,,,,LAC,MIN,sdg,min,24,16,LAC,MIN,2025-nan-08-MIN@LAC,44f5973498d1e1f1826750107abb85281d1121d5
2025,,8,,,PHI,NYG,PHI,NYG,,,Lincoln Financial Field,,,,,,PHI,NYG,phi,nyg,21,19,PHI,NYG,2025-nan-08-NYG@PHI,1163673d692821ef065f0c6580e20d79e17a4805
2025,,8,,,CIN,NYJ,CIN,NYJ,,,Paycor Stadium,,,,,,CIN,NYJ,cin,nyj,4,20,CIN,NYJ,2025-nan-08-NYJ@CIN,0c673d9b719dcf3dc4c96519a43147e94e517ded
2025,,8,,,HOU,SF,HOU,SF,,,NRG Stadium,,,,,,HOU,SF,htx,sfo,34,25,HOU,SF,2025-nan-08-SF@HOU,25c3f6f766b47b326a6950d37de5347fe9e73d86
2025,,8,,,NO,TB,NO,TB,,,Mercedes-Benz Superdome,,,,,,NO,TB,nor,tam,18,27,NO,TB,2025-nan-08-TB@NO,e941eb892bad0ab845de68d43c4d964a002afa16
2025,,8,,,IND,TEN,IND,TEN,,,Lucas Oil Stadium,,,,,,IND,TEN,clt,oti,11,10,IND,TEN,2025-nan-08-TEN@IND,94524340eb15d7b6ed9035ac0be81a6d6ff6a82d
2025,,8,,,KC,WAS,KC,WAS,,,GEHA Field at Arrowhead Stadium,,,,,,KC,WAS,kan,was,12,28,KC,WAS,2025-nan-08-WAS@KC,8025d74dad407b8d78fa50144966859e0c020f70
2025,,9,,,DAL,ARI,DAL,ARI,,,AT&T Stadium,,,,,,DAL,ARI,dal,crd,6,22,DAL,ARI,2025-nan-09-ARI@DAL,95b69c03cca25502215bfd775ef250fa47bc2fba
2025,,9,,,NE,ATL,NE,ATL,,,Gillette Stadium,,,,,,NE,ATL,nwe,atl,17,1,NE,ATL,2025-nan-09-ATL@NE,e90ea77f20d009f28ffaddefa3b77607af4d5ed7
2025,,9,,,MIA,BAL,MIA,BAL,,,Hard Rock Stadium,,,,,,MIA,BAL,mia,rav,15,33,MIA,BAL,2025-nan-09-BAL@MIA,2d8bd8bb79b44be40148efd63c57c95bd2dd3d91
2025,,9,,,GB,CAR,GB,CAR,,,Lambeau Field,,,,,,GB,CAR,gnb,car,9,29,GB,CAR,2025-nan-09-CAR@GB,08595d4f4811bf9c872d93b67fc800b3e79c5e29
2025,,9,,,CIN,CHI,CIN,CHI,,,Paycor Stadium,,,,,,CIN,CHI,cin,chi,4,3,CIN,CHI,2025-nan-09-CHI@CIN,b8bf868f46a6e51d258d6a60d037688d7e40c4e3
2025,,9,,,HOU,DEN,HOU,DEN,,,NRG Stadium,,,,,,HOU,DEN,htx,den,34,7,HOU,DEN,2025-nan-09-DEN@HOU,739dd9e2e924a87d65ca1e0334e3ba7a6e7a41b1
2025,,9,,,PIT,IND,PIT,IND,,,Acrisure Stadium,,,,,,PIT,IND,pit,clt,23,11,PIT,IND,2025-nan-09-IND@PIT,f3b1178a1d39bd97d67833f9a4163525d6c852d7
2025,,9,,,LV,JAX,LV,JAX,,,Allegiant Stadium,,,,,,LV,JAX,rai,jax,13,30,LV,JAX,2025-nan-09-JAX@LV,66fd51208f0702ccfb92c6efe72c6e11ffba591d
2025,,9,,,BUF,KC,BUF,KC,,,New Era Field,,,,,,BUF,KC,buf,kan,2,12,BUF,KC,2025-nan-09-KC@BUF,59813f372ae29f4ce0568ebeb7e7535d4a78eb62
2025,,9,,,TEN,LAC,TEN,LAC,,,Nissan Stadium,,,,,,TEN,LAC,oti,sdg,10,24,TEN,LAC,2025-nan-09-LAC@TEN,561df9159d87c7608ee944e5c9923811726f1792
2025,,9,,,DET,MIN,DET,MIN,,,Ford Field,,,,,,DET,MIN,det,min,8,16,DET,MIN,2025-nan-09-MIN@DET,f522ec9508cfa56a02fae50fce0de4e6095dae63
2025,,9,,,LA,NO,LA,NO,,,SoFi Stadium,,,,,,LA,NO,ram,nor,14,18,LA,NO,2025-nan-09-NO@LA,b8f322a69a05bb8408470d10d163399530d1667b
2025,,9,,,WAS,SEA,WAS,SEA,,,FedExField,,,,,,WAS,SEA,was,sea,28,26,WAS,SEA,2025-nan-09-SEA@WAS,a19a90e1c0f1bc681593fd94a256d77805ff6def
2025,,9,,,NYG,SF,NYG,SF,,,MetLife Stadium,,,,,,NYG,SF,nyg,sfo,19,25,NYG,SF,2025-nan-09-SF@NYG,6f4b7012e4f3d89b4d44bbea4710db9eea0b23d1
2025,,10,,,SEA,ARI,SEA,ARI,,,Lumen Field,,,,,,SEA,ARI,sea,crd,26,22,SEA,ARI,2025-nan-10-ARI@SEA,b00164e3e444ceab13d08d230c7e94a91dadd83b
2025,,10,,,IND,ATL,IND,ATL,,,Lucas Oil Stadium,,,,,,IND,ATL,clt,atl,11,1,IND,ATL,2025-nan-10-ATL@IND,eb3af69a11708742d00505c6ec1ffc86b9deade0
2025,,10,,,MIN,BAL,MIN,BAL,,,U.S. Bank Stadium,,,,,,MIN,BAL,min,rav,16,33,MIN,BAL,2025-nan-10-BAL@MIN,7de969593cce586762ff15ee770babadae0e1b43
2025,,10,,,MIA,BUF,MIA,BUF,,,Hard Rock Stadium,,,,,,MIA,BUF,mia,buf,15,2,MIA,BUF,2025-nan-10-BUF@MIA,2d503dbc53bd9893a7096e79ee4e328f3be08a8b
2025,,10,,,NYJ,CLE,NYJ,CLE,,,MetLife Stadium,,,,,,NYJ,CLE,nyj,cle,20,5,NYJ,CLE,2025-nan-10-CLE@NYJ,6768ef86b399b8e3364b4d60f10c06d250044bda
2025,,10,,,WAS,DET,WAS,DET,,,FedExField,,,,,,WAS,DET,was,det,28,8,WAS,DET,2025-nan-10-DET@WAS,b3ce413cfffa3569ed07246529c8df14b6da732d
2025,,10,,,HOU,JAX,HOU,JAX,,,NRG Stadium,,,,,,HOU,JAX,htx,jax,34,30,HOU,JAX,2025-nan-10-JAX@HOU,ee217fb6611cef4fa52a0daf83f630b463c93c52
2025,,10,,,SF,LA,SF,LA,,,Levi's Stadium,,,,,,SF,LA,sfo,ram,25,14,SF,LA,2025-nan-10-LA@SF,816d74af8603801ec8fe3567c88f50e867626c6a
2025,,10,,,DEN,LV,DEN,LV,,,Empower Field at Mile High,,,,,,DEN,LV,den,rai,7,13,DEN,LV,2025-nan-10-LV@DEN,855ead1ddd8b0ee180d1860e828fc1e071f8694d
2025,,10,,,TB,NE,TB,NE,,,Raymond James Stadium,,,,,,TB,NE,tam,nwe,27,17,TB,NE,2025-nan-10-NE@TB,48b1e06f5dae830399e2f36c229cebc3ea2e6188
2025,,10,,,CAR,NO,CAR,NO,,,Bank of America Stadium,,,,,,CAR,NO,car,nor,29,18,CAR,NO,2025-nan-10-NO@CAR,95321ff6109d77b258aed9978ece4b55f7f7032c
2025,,10,,,CHI,NYG,CHI,NYG,,,Soldier Field,,,,,,CHI,NYG,chi,nyg,3,19,CHI,NYG,2025-nan-10-NYG@CHI,0b2092b69d78751a5c3a3f2a6908443bcc19e67a
2025,,10,,,GB,PHI,GB,PHI,,,Lambeau Field,,,,,,GB,PHI,gnb,phi,9,21,GB,PHI,2025-nan-10-PHI@GB,6cba265099d583f7b85a49978f005a46b84409fd
2025,,10,,,LAC,PIT,LAC,PIT,,,SoFi Stadium,,,,,,LAC,PIT,sdg,pit,24,23,LAC,PIT,2025-nan-10-PIT@LAC,193e8449ab2ed3e508a264b1d3b8d687b370f746
2025,,11,,,CLE,BAL,CLE,BAL,,,FirstEnergy Stadium,,,,,,CLE,BAL,cle,rav,5,33,CLE,BAL,2025-nan-11-BAL@CLE,3360e907322cb034a2f66b1c2aa080759fa78324
2025,,11,,,ATL,CAR,ATL,CAR,,,Mercedes-Benz Stadium,,,,,,ATL,CAR,atl,car,1,29,ATL,CAR,2025-nan-11-CAR@ATL,ac61b15b8152377c58ff1eb6d1e50985afe7ee0e
2025,,11,,,MIN,CHI,MIN,CHI,,,U.S. Bank Stadium,,,,,,MIN,CHI,min,chi,16,3,MIN,CHI,2025-nan-11-CHI@MIN,368f7cb48bee19086b271f6b7d4c47aef67e820f
2025,,11,,,PIT,CIN,PIT,CIN,,,Acrisure Stadium,,,,,,PIT,CIN,pit,cin,23,4,PIT,CIN,2025-nan-11-CIN@PIT,5cffe8dd66e793afd8b818c98ac264566c8cda9c
2025,,11,,,LV,DAL,LV,DAL,,,Allegiant Stadium,,,,,,LV,DAL,rai,dal,13,6,LV,DAL,2025-nan-11-DAL@LV,8d9fd6980c66cd1bde6121256a095d0867b0fe16
2025,,11,,,PHI,DET,PHI,DET,,,Lincoln Financial Field,,,,,,PHI,DET,phi,det,21,8,PHI,DET,2025-nan-11-DET@PHI,9800cee963776ade1ee6bb382c580e5bcdf46658
2025,,11,,,NYG,GB,NYG,GB,,,MetLife Stadium,,,,,,NYG,GB,nyg,gnb,19,9,NYG,GB,2025-nan-11-GB@NYG,cead789a6ca41da1afe7ef311cb13c2c07ab037a
2025,,11,,,TEN,HOU,TEN,HOU,,,Nissan Stadium,,,,,,TEN,HOU,oti,htx,10,34,TEN,HOU,2025-nan-11-HOU@TEN,cd2f10411166cc1999afb1492cd7147c71d1803f
2025,,11,,,DEN,KC,DEN,KC,,,Empower Field at Mile High,,,,,,DEN,KC,den,kan,7,12,DEN,KC,2025-nan-11-KC@DEN,cf804706c596ec699d3e4c42d651d2f9e1ad1a79
2025,,11,,,JAX,LAC,JAX,LAC,,,TIAA Bank Stadium,,,,,,JAX,LAC,jax,sdg,30,24,JAX,LAC,2025-nan-11-LAC@JAX,1ea7d0ff8022d133c44687a38ecbabd2828bad52
2025,,11,,,NE,NYJ,NE,NYJ,,,Gillette Stadium,,,,,,NE,NYJ,nwe,nyj,17,20,NE,NYJ,2025-nan-11-NYJ@NE,c54dd344e7fa0fd72103246d46678117195f57a1
2025,,11,,,LA,SEA,LA,SEA,,,SoFi Stadium,,,,,,LA,SEA,ram,sea,14,26,LA,SEA,2025-nan-11-SEA@LA,2be3b4c18de821c6f63ee34caea0e26c58ea8b2d
2025,,11,,,ARI,SF,ARI,SF,,,State Farm Stadium,,,,,,ARI,SF,crd,sfo,22,25,ARI,SF,2025-nan-11-SF@ARI,55a367adf61bc7758c4696ef6465b75b484f8fca
2025,,11,,,BUF,TB,BUF,TB,,,New Era Field,,,,,,BUF,TB,buf,tam,2,27,BUF,TB,2025-nan-11-TB@BUF,b2c30e0aa1f729e5c63b4bc3d4428e6e2ff006eb
2025,,11,,,MIA,WAS,MIA,WAS,,,Hard Rock Stadium,,,,,,MIA,WAS,mia,was,15,28,MIA,WAS,2025-nan-11-WAS@MIA,30819cd4c5b4c19b86aa55629671742091f48e71
2025,,12,,,NO,ATL,NO,ATL,,,Mercedes-Benz Superdome,,,,,,NO,ATL,nor,atl,18,1,NO,ATL,2025-nan-12-ATL@NO,e60f79bb1e6e00904943f77a3a2b08524c3bd9da
2025,,12,,,HOU,BUF,HOU,BUF,,,NRG Stadium,,,,,,HOU,BUF,htx,buf,34,2,HOU,BUF,2025-nan-12-BUF@HOU,5a64b6186b4ee4c3534015fd2af57c9f1f6fe979
2025,,12,,,SF,CAR,SF,CAR,,,Levi's Stadium,,,,,,SF,CAR,sfo,car,25,29,SF,CAR,2025-nan-12-CAR@SF,09c5d25f12b34ec42a0a462d1219ee1d0cd14b83
2025,,12,,,LV,CLE,LV,CLE,,,Allegiant Stadium,,,,,,LV,CLE,rai,cle,13,5,LV,CLE,2025-nan-12-CLE@LV,ee409b749a5c6190b1ad1428e8d0260117c3cb07
2025,,12,,,KC,IND,KC,IND,,,GEHA Field at Arrowhead Stadium,,,,,,KC,IND,kan,clt,12,11,KC,IND,2025-nan-12-IND@KC,95b04bcdc2f2648cef70e28d054c9790d26a881e
2025,,12,,,ARI,JAX,ARI,JAX,,,State Farm Stadium,,,,,,ARI,JAX,crd,jax,22,30,ARI,JAX,2025-nan-12-JAX@ARI,b2ebc4407839e91c170d27f43a8c66bdafcbaf38
2025,,12,,,GB,MIN,GB,MIN,,,Lambeau Field,,,,,,GB,MIN,gnb,min,9,16,GB,MIN,2025-nan-12-MIN@GB,f5d5d864b2c48b432cfd53dc3b397ba9e3611253
2025,,12,,,CIN,NE,CIN,NE,,,Paycor Stadium,,,,,,CIN,NE,cin,nwe,4,17,CIN,NE,2025-nan-12-NE@CIN,31ee31b7dffc5718691163d91884cc91a919aac2
2025,,12,,,DET,NYG,DET,NYG,,,Ford Field,,,,,,DET,NYG,det,nyg,8,19,DET,NYG,2025-nan-12-NYG@DET,e0ae57608371199710781d29bafaf246dbf87b6f
2025,,12,,,BAL,NYJ,BAL,NYJ,,,M&T Bank Stadium,,,,,,BAL,NYJ,rav,nyj,33,20,BAL,NYJ,2025-nan-12-NYJ@BAL,34817329a616236a6d92224ea4873e5e551ef553
2025,,12,,,DAL,PHI,DAL,PHI,,,AT&T Stadium,,,,,,DAL,PHI,dal,phi,6,21,DAL,PHI,2025-nan-12-PHI@DAL,636b2a77a9cf205a16a530f507e42c2b60b00062
2025,,12,,,CHI,PIT,CHI,PIT,,,Soldier Field,,,,,,CHI,PIT,chi,pit,3,23,CHI,PIT,2025-nan-12-PIT@CHI,14ae6e14ec521e34a54ddd76a0024e10ae4e7ac3
2025,,12,,,TEN,SEA,TEN,SEA,,,Nissan Stadium,,,,,,TEN,SEA,oti,sea,10,26,TEN,SEA,2025-nan-12-SEA@TEN,243c858f198f2e3c94527e90332457f48dbdd17d
2025,,12,,,LA,TB,LA,TB,,,SoFi Stadium,,,,,,LA,TB,ram,tam,14,27,LA,TB,2025-nan-12-TB@LA,9a79d27d59a4cf860b21ae78b67dcc0f12ec8bb1
2025,,13,,,TB,ARI,TB,ARI,,,Raymond James Stadium,,,,,,TB,ARI,tam,crd,27,22,TB,ARI,2025-nan-13-ARI@TB,ca1f83baf0e0c8fb945faa3a6df0b15f7e1dfffb
2025,,13,,,NYJ,ATL,NYJ,ATL,,,MetLife Stadium,,,,,,NYJ,ATL,nyj,atl,20,1,NYJ,ATL,2025-nan-13-ATL@NYJ,0881a04b086dd27d1c657e8a9fbf77a7bd9ff86d
2025,,13,,,PIT,BUF,PIT,BUF,,,Acrisure Stadium,,,,,,PIT,BUF,pit,buf,23,2,PIT,BUF,2025-nan-13-BUF@PIT,72b054ded445700a7cf3d6ae213dc85cb1eceae5
2025,,13,,,PHI,CHI,PHI,CHI,,,Lincoln Financial Field,,,,,,PHI,CHI,phi,chi,21,3,PHI,CHI,2025-nan-13-CHI@PHI,cf196d7c0934c6eeaa33d0f6cb19ebb3dba3bd0a
2025,,13,,,BAL,CIN,BAL,CIN,,,M&T Bank Stadium,,,,,,BAL,CIN,rav,cin,33,4,BAL,CIN,2025-nan-13-CIN@BAL,489eac4f4e876e40ab4ba9fb5dfb6242ee95a564
2025,,13,,,WAS,DEN,WAS,DEN,,,FedExField,,,,,,WAS,DEN,was,den,28,7,WAS,DEN,2025-nan-13-DEN@WAS,5d20edfb7b1dec18040807fb97ad89ff22c9af0f
2025,,13,,,DET,GB,DET,GB,,,Ford Field,,,,,,DET,GB,det,gnb,8,9,DET,GB,2025-nan-13-GB@DET,8aca5fdd85e7b30fbe4416a3d076478b50f7c178
2025,,13,,,IND,HOU,IND,HOU,,,Lucas Oil Stadium,,,,,,IND,HOU,clt,htx,11,34,IND,HOU,2025-nan-13-HOU@IND,b5f61fa37d2ee35b68dcc98c1a147ffac82825a2
2025,,13,,,TEN,JAX,TEN,JAX,,,Nissan Stadium,,,,,,TEN,JAX,oti,jax,10,30,TEN,JAX,2025-nan-13-JAX@TEN,8d1d0abda469af48bf89cdfa5da945458e8d9260
2025,,13,,,DAL,KC,DAL,KC,,,AT&T Stadium,,,,,,DAL,KC,dal,kan,6,12,DAL,KC,2025-nan-13-KC@DAL,445ef21907e32973a9fde0b32874e19baca5c939
2025,,13,,,CAR,LA,CAR,LA,,,Bank of America Stadium,,,,,,CAR,LA,car,ram,29,14,CAR,LA,2025-nan-13-LA@CAR,680194f28f38d9287f5196218e7eed885b0ea24a
2025,,13,,,LAC,LV,LAC,LV,,,SoFi Stadium,,,,,,LAC,LV,sdg,rai,24,13,LAC,LV,2025-nan-13-LV@LAC,6fa593fb158c07acafc3b99dc9f4dcb337087bea
2025,,13,,,SEA,MIN,SEA,MIN,,,Lumen Field,,,,,,SEA,MIN,sea,min,26,16,SEA,MIN,2025-nan-13-MIN@SEA,8825ec368e6ae52fedfeb610529b02edc2a03d94
2025,,13,,,MIA,NO,MIA,NO,,,Hard Rock Stadium,,,,,,MIA,NO,mia,nor,15,18,MIA,NO,2025-nan-13-NO@MIA,73935b6897aaa4ece8f4893bcc2915af71401c2a
2025,,13,,,NE,NYG,NE,NYG,,,Gillette Stadium,,,,,,NE,NYG,nwe,nyg,17,19,NE,NYG,2025-nan-13-NYG@NE,815a8bd398c32dcc8ef07121753c609641652c14
2025,,13,,,CLE,SF,CLE,SF,,,FirstEnergy Stadium,,,,,,CLE,SF,cle,sfo,5,25,CLE,SF,2025-nan-13-SF@CLE,2e455ccbc1e0b749d837d7ace7a90c9f169c2c60
2025,,14,,,GB,CHI,GB,CHI,,,Lambeau Field,,,,,,GB,CHI,gnb,chi,9,3,GB,CHI,2025-nan-14-CHI@GB,b845bb9eebd25f65db8820ebf1aa7120d3de59a6
2025,,14,,,BUF,CIN,BUF,CIN,,,New Era Field,,,,,,BUF,CIN,buf,cin,2,4,BUF,CIN,2025-nan-14-CIN@BUF,bd24bc117e19e8f79235deebd831612c9864e760
2025,,14,,,DET,DAL,DET,DAL,,,Ford Field,,,,,,DET,DAL,det,dal,8,6,DET,DAL,2025-nan-14-DAL@DET,ea7cf028974a556cf7b9adf948d2873fa98a270e
2025,,14,,,LV,DEN,LV,DEN,,,Allegiant Stadium,,,,,,LV,DEN,rai,den,13,7,LV,DEN,2025-nan-14-DEN@LV,a5b64c7440be350fbe97c52fab8b8ea24166c857
2025,,14,,,KC,HOU,KC,HOU,,,GEHA Field at Arrowhead Stadium,,,,,,KC,HOU,kan,htx,12,34,KC,HOU,2025-nan-14-HOU@KC,0fbf81200c57a48c3e2cf283f886e7adc4e37401
2025,,14,,,JAX,IND,JAX,IND,,,TIAA Bank Stadium,,,,,,JAX,IND,jax,clt,30,11,JAX,IND,2025-nan-14-IND@JAX,0c52ccea5fff2b76519a83d12cc45ee05dd32c87
2025,,14,,,ARI,LA,ARI,LA,,,State Farm Stadium,,,,,,ARI,LA,crd,ram,22,14,ARI,LA,2025-nan-14-LA@ARI,651aef698872045086f6c63cbfd46c9a908b811d
2025,,14,,,NYJ,MIA,NYJ,MIA,,,MetLife Stadium,,,,,,NYJ,MIA,nyj,mia,20,15,NYJ,MIA,2025-nan-14-MIA@NYJ,15915554477473d8b6eada90ed8832bd57240678
2025,,14,,,TB,NO,TB,NO,,,Raymond James Stadium,,,,,,TB,NO,tam,nor,27,18,TB,NO,2025-nan-14-NO@TB,949f555e584cb9c1b978b7b7b9e14cf4ebc51bc2
2025,,14,,,LAC,PHI,LAC,PHI,,,SoFi Stadium,,,,,,LAC,PHI,sdg,phi,24,21,LAC,PHI,2025-nan-14-PHI@LAC,568993234a4ba8af3fa76c2349a8bd3d828ab428
2025,,14,,,BAL,PIT,BAL,PIT,,,M&T Bank Stadium,,,,,,BAL,PIT,rav,pit,33,23,BAL,PIT,2025-nan-14-PIT@BAL,f23227aef35d3de227e9477a4217568502adb68c
2025,,14,,,ATL,SEA,ATL,SEA,,,Mercedes-Benz Stadium,,,,,,ATL,SEA,atl,sea,1,26,ATL,SEA,2025-nan-14-SEA@ATL,3e493276a9d809d0a9473eb113c04d0d52efef99
2025,,14,,,CLE,TEN,CLE,TEN,,,FirstEnergy Stadium,,,,,,CLE,TEN,cle,oti,5,10,CLE,TEN,2025-nan-14-TEN@CLE,749dae1aad30af2f061a9bf1026d353531941225
2025,,14,,,MIN,WAS,MIN,WAS,,,U.S. Bank Stadium,,,,,,MIN,WAS,min,was,16,28,MIN,WAS,2025-nan-14-WAS@MIN,83af1128d7dd798a9474c5f003a90fd0ebaf342a
2025,,15,,,HOU,ARI,HOU,ARI,,,NRG Stadium,,,,,,HOU,ARI,htx,crd,34,22,HOU,ARI,2025-nan-15-ARI@HOU,5aa876619e094bd62b3d11e529d04235f0295ab2
2025,,15,,,TB,ATL,TB,ATL,,,Raymond James Stadium,,,,,,TB,ATL,tam,atl,27,1,TB,ATL,2025-nan-15-ATL@TB,7e95e9d2442afa000056e01cffbf0f162586e2b8
2025,,15,,,CIN,BAL,CIN,BAL,,,Paycor Stadium,,,,,,CIN,BAL,cin,rav,4,33,CIN,BAL,2025-nan-15-BAL@CIN,38a8ccffeb2c67321d0cec8834f1a556bee58ee6
2025,,15,,,NE,BUF,NE,BUF,,,Gillette Stadium,,,,,,NE,BUF,nwe,buf,17,2,NE,BUF,2025-nan-15-BUF@NE,0e6a2b421b18895d0242569af57f1aa9beee1875
2025,,15,,,NO,CAR,NO,CAR,,,Mercedes-Benz Superdome,,,,,,NO,CAR,nor,car,18,29,NO,CAR,2025-nan-15-CAR@NO,1f21caf7d46719ebaf3e85407e6ae09674ad2191
2025,,15,,,CHI,CLE,CHI,CLE,,,Soldier Field,,,,,,CHI,CLE,chi,cle,3,5,CHI,CLE,2025-nan-15-CLE@CHI,15801adc97c059d483b9cfacf91dceb321b08da4
2025,,15,,,LA,DET,LA,DET,,,SoFi Stadium,,,,,,LA,DET,ram,det,14,8,LA,DET,2025-nan-15-DET@LA,03b676aeae231c4d3c939a09e49a5f1aa55f3bf4
2025,,15,,,DEN,GB,DEN,GB,,,Empower Field at Mile High,,,,,,DEN,GB,den,gnb,7,9,DEN,GB,2025-nan-15-GB@DEN,5e46614d6c97eb23e4d53e23e1cb5fc08a8560b7
2025,,15,,,SEA,IND,SEA,IND,,,Lumen Field,,,,,,SEA,IND,sea,clt,26,11,SEA,IND,2025-nan-15-IND@SEA,a3072f00571e70d6d2b5344f5e379a2dabe1ac12
2025,,15,,,KC,LAC,KC,LAC,,,GEHA Field at Arrowhead Stadium,,,,,,KC,LAC,kan,sdg,12,24,KC,LAC,2025-nan-15-LAC@KC,7c0ae23c94782c3d2c613aeda64bc1b39611fb1a
2025,,15,,,PHI,LV,PHI,LV,,,Lincoln Financial Field,,,,,,PHI,LV,phi,rai,21,13,PHI,LV,2025-nan-15-LV@PHI,e85822d060d75a456565d7dd37378e4c9d787fc1
2025,,15,,,PIT,MIA,PIT,MIA,,,Acrisure Stadium,,,,,,PIT,MIA,pit,mia,23,15,PIT,MIA,2025-nan-15-MIA@PIT,d845878d8323e3c6aa67948df6a11c1576a27c52
2025,,15,,,DAL,MIN,DAL,MIN,,,AT&T Stadium,,,,,,DAL,MIN,dal,min,6,16,DAL,MIN,2025-nan-15-MIN@DAL,619856539abebaeb4b88ac7498833de8b9c92c11
2025,,15,,,JAX,NYJ,JAX,NYJ,,,TIAA Bank Stadium,,,,,,JAX,NYJ,jax,nyj,30,20,JAX,NYJ,2025-nan-15-NYJ@JAX,79c0334d311aa9f71664da7738f6b756e342f83d
2025,,15,,,SF,TEN,SF,TEN,,,Levi's Stadium,,,,,,SF,TEN,sfo,oti,25,10,SF,TEN,2025-nan-15-TEN@SF,0cf87dd53c54cc0e7a8def3c735e619ded449d01
2025,,15,,,NYG,WAS,NYG,WAS,,,MetLife Stadium,,,,,,NYG,WAS,nyg,was,19,28,NYG,WAS,2025-nan-15-WAS@NYG,175c437af0f044d5379cac55846058fae04aaefe
2025,,16,,,ARI,ATL,ARI,ATL,,,State Farm Stadium,,,,,,ARI,ATL,crd,atl,22,1,ARI,ATL,2025-nan-16-ATL@ARI,6bf1a17557530b6cd8152ee096991fc5fac671bd
2025,,16,,,CLE,BUF,CLE,BUF,,,FirstEnergy Stadium,,,,,,CLE,BUF,cle,buf,5,2,CLE,BUF,2025-nan-16-BUF@CLE,6290d89aa06e69bb338f12f122537476c53fa951
2025,,16,,,MIA,CIN,MIA,CIN,,,Hard Rock Stadium,,,,,,MIA,CIN,mia,cin,15,4,MIA,CIN,2025-nan-16-CIN@MIA,41720dd11abf87cfcf1054a74d9307469154242d
2025,,16,,,CHI,GB,CHI,GB,,,Soldier Field,,,,,,CHI,GB,chi,gnb,3,9,CHI,GB,2025-nan-16-GB@CHI,a0b2f740ee9a3ed48a45002d5e2c5ee7c4413e55
2025,,16,,,DEN,JAX,DEN,JAX,,,Empower Field at Mile High,,,,,,DEN,JAX,den,jax,7,30,DEN,JAX,2025-nan-16-JAX@DEN,b71df29f22b14721a0e6d92f2184040145761816
2025,,16,,,TEN,KC,TEN,KC,,,Nissan Stadium,,,,,,TEN,KC,oti,kan,10,12,TEN,KC,2025-nan-16-KC@TEN,ba46d9fb87fc916906fc43a27b9e36e564b3cec0
2025,,16,,,DAL,LAC,DAL,LAC,,,AT&T Stadium,,,,,,DAL,LAC,dal,sdg,6,24,DAL,LAC,2025-nan-16-LAC@DAL,3fd972f7feb08f45720eecacbbc6196eea8890bd
2025,,16,,,SEA,LA,SEA,LA,,,Lumen Field,,,,,,SEA,LA,sea,ram,26,14,SEA,LA,2025-nan-16-LA@SEA,6e40ef60708fc6e3d949d14dd482b71c681ca726
2025,,16,,,HOU,LV,HOU,LV,,,NRG Stadium,,,,,,HOU,LV,htx,rai,34,13,HOU,LV,2025-nan-16-LV@HOU,f9077899e47efc09a78b602f33190e61024bf7f6
2025,,16,,,NYG,MIN,NYG,MIN,,,MetLife Stadium,,,,,,NYG,MIN,nyg,min,19,16,NYG,MIN,2025-nan-16-MIN@NYG,e419ecb2bdabddfc5395ec94633cbdff9662b93d
2025,,16,,,BAL,NE,BAL,NE,,,M&T Bank Stadium,,,,,,BAL,NE,rav,nwe,33,17,BAL,NE,2025-nan-16-NE@BAL,5805a23daa5fdcbe5626efe4b0b52900a1a19eff
2025,,16,,,NO,NYJ,NO,NYJ,,,Mercedes-Benz Superdome,,,,,,NO,NYJ,nor,nyj,18,20,NO,NYJ,2025-nan-16-NYJ@NO,ec7287937acb2dd8de09002f93bf2c6c176a7064
2025,,16,,,WAS,PHI,WAS,PHI,,,FedExField,,,,,,WAS,PHI,was,phi,28,21,WAS,PHI,2025-nan-16-PHI@WAS,65cafbb8e3a6246e061080d6fab9ce019d094247
2025,,16,,,DET,PIT,DET,PIT,,,Ford Field,,,,,,DET,PIT,det,pit,8,23,DET,PIT,2025-nan-16-PIT@DET,8f0d403a05cca7618cd8737edcb773031bbd0080
2025,,16,,,IND,SF,IND,SF,,,Lucas Oil Stadium,,,,,,IND,SF,clt,sfo,11,25,IND,SF,2025-nan-16-SF@IND,e7f158699a54a672190f6a7a1dace7920d5840bd
2025,,16,,,CAR,TB,CAR,TB,,,Bank of America Stadium,,,,,,CAR,TB,car,tam,29,27,CAR,TB,2025-nan-16-TB@CAR,5ddef4dcef598fa6324f94ed372bab71e1483683
2025,,17,,,CIN,ARI,CIN,ARI,,,Paycor Stadium,,,,,,CIN,ARI,cin,crd,4,22,CIN,ARI,2025-nan-17-ARI@CIN,b9243f456fa12427164fc4b97a2ed4fad94d547c
2025,,17,,,GB,BAL,GB,BAL,,,Lambeau Field,,,,,,GB,BAL,gnb,rav,9,33,GB,BAL,2025-nan-17-BAL@GB,0000aedc115b0bcf4e13c23fb5ac032ab43e58b3
2025,,17,,,SF,CHI,SF,CHI,,,Levi's Stadium,,,,,,SF,CHI,sfo,chi,25,3,SF,CHI,2025-nan-17-CHI@SF,cb20dc2a0c2c5494af86d7840ad566a36fafab32
2025,,17,,,WAS,DAL,WAS,DAL,,,FedExField,,,,,,WAS,DAL,was,dal,28,6,WAS,DAL,2025-nan-17-DAL@WAS,54b73d1698018365aa4c139d5e857948c48ff14d
2025,,17,,,KC,DEN,KC,DEN,,,GEHA Field at Arrowhead Stadium,,,,,,KC,DEN,kan,den,12,7,KC,DEN,2025-nan-17-DEN@KC,057a19c1afa812023a5ea59e2995850dc8ac8ce0
2025,,17,,,MIN,DET,MIN,DET,,,U.S. Bank Stadium,,,,,,MIN,DET,min,det,16,8,MIN,DET,2025-nan-17-DET@MIN,8d44fd7b00e46fd8143a9d9e572349d6a5976d55
2025,,17,,,LAC,HOU,LAC,HOU,,,SoFi Stadium,,,,,,LAC,HOU,sdg,htx,24,34,LAC,HOU,2025-nan-17-HOU@LAC,1e4e9522326593f46f34e5db699e04ac7df14f79
2025,,17,,,IND,JAX,IND,JAX,,,Lucas Oil Stadium,,,,,,IND,JAX,clt,jax,11,30,IND,JAX,2025-nan-17-JAX@IND,b384bae81a3911e0c76c517bc781eb091cf1f03a
2025,,17,,,ATL,LA,ATL,LA,,,Mercedes-Benz Stadium,,,,,,ATL,LA,atl,ram,1,14,ATL,LA,2025-nan-17-LA@ATL,88f9503a20cc5675c21babbfa74b96b9c865c5b1
2025,,17,,,NYJ,NE,NYJ,NE,,,MetLife Stadium,,,,,,NYJ,NE,nyj,nwe,20,17,NYJ,NE,2025-nan-17-NE@NYJ,6101167c917785568721aa84c604e378941b3327
2025,,17,,,TEN,NO,TEN,NO,,,Nissan Stadium,,,,,,TEN,NO,oti,nor,10,18,TEN,NO,2025-nan-17-NO@TEN,0bb2cf4b39ad87607c5253baca38eea677cadfe4
2025,,17,,,LV,NYG,LV,NYG,,,Allegiant Stadium,,,,,,LV,NYG,rai,nyg,13,19,LV,NYG,2025-nan-17-NYG@LV,7eba28ab70dcb2766e6f3b7fa53493f88e1a9fc4
2025,,17,,,BUF,PHI,BUF,PHI,,,New Era Field,,,,,,BUF,PHI,buf,phi,2,21,BUF,PHI,2025-nan-17-PHI@BUF,cd4e3d1b627408a4b6d674aca7835260297672cf
2025,,17,,,CLE,PIT,CLE,PIT,,,FirstEnergy Stadium,,,,,,CLE,PIT,cle,pit,5,23,CLE,PIT,2025-nan-17-PIT@CLE,df53dd60b9c8144776e7c188cdd0c17c75dcaed8
2025,,17,,,CAR,SEA,CAR,SEA,,,Bank of America Stadium,,,,,,CAR,SEA,car,sea,29,26,CAR,SEA,2025-nan-17-SEA@CAR,5d1bcba0ee262e562c46c1708ff2df86398c3418
2025,,17,,,MIA,TB,MIA,TB,,,Hard Rock Stadium,,,,,,MIA,TB,mia,tam,15,27,MIA,TB,2025-nan-17-TB@MIA,ca8e2c9fa63cda525b95139c27defe77ea819507
2025,,18,,,LA,ARI,LA,ARI,,,SoFi Stadium,,,,,,LA,ARI,ram,crd,14,22,LA,ARI,2025-nan-18-ARI@LA,7384630cc0db385952b1d0f8dda6601dca9e1d49
2025,,18,,,PIT,BAL,PIT,BAL,,,Acrisure Stadium,,,,,,PIT,BAL,pit,rav,23,33,PIT,BAL,2025-nan-18-BAL@PIT,bc1c1dc066e32397b4f4b00228eafc2c52b0dad1
2025,,18,,,TB,CAR,TB,CAR,,,Raymond James Stadium,,,,,,TB,CAR,tam,car,27,29,TB,CAR,2025-nan-18-CAR@TB,b38bc39815e5aa3966c7f2345554712b3591cd6b
2025,,18,,,CIN,CLE,CIN,CLE,,,Paycor Stadium,,,,,,CIN,CLE,cin,cle,4,5,CIN,CLE,2025-nan-18-CLE@CIN,a5244f9bb4cfa00cac4e645ef1e9c6d06766a326
2025,,18,,,NYG,DAL,NYG,DAL,,,MetLife Stadium,,,,,,NYG,DAL,nyg,dal,19,6,NYG,DAL,2025-nan-18-DAL@NYG,44352ab414a719d34d3d9d03fd2085ffa0d78f9f
2025,,18,,,CHI,DET,CHI,DET,,,Soldier Field,,,,,,CHI,DET,chi,det,3,8,CHI,DET,2025-nan-18-DET@CHI,56207fcd968d4376dfda2d6d57cc8f32ab8e61af
2025,,18,,,MIN,GB,MIN,GB,,,U.S. Bank Stadium,,,,,,MIN,GB,min,gnb,16,9,MIN,GB,2025-nan-18-GB@MIN,f67655a2e561d604e339f8d76c748daf0ea54618
2025,,18,,,HOU,IND,HOU,IND,,,NRG Stadium,,,,,,HOU,IND,htx,clt,34,11,HOU,IND,2025-nan-18-IND@HOU,3490d9c3dbae21a84f60c7513f3cd8d198caf12e
2025,,18,,,LV,KC,LV,KC,,,Allegiant Stadium,,,,,,LV,KC,rai,kan,13,12,LV,KC,2025-nan-18-KC@LV,0c268f4218986f7067899fc72026f6821d0174ab
2025,,18,,,DEN,LAC,DEN,LAC,,,Empower Field at Mile High,,,,,,DEN,LAC,den,sdg,7,24,DEN,LAC,2025-nan-18-LAC@DEN,353926ea93d838e32618a2c1b6d027615ca2f361
2025,,18,,,NE,MIA,NE,MIA,,,Gillette Stadium,,,,,,NE,MIA,nwe,mia,17,15,NE,MIA,2025-nan-18-MIA@NE,2d4e27c219a95211d8a591edfd9ef8d9621fe723
2025,,18,,,ATL,NO,ATL,NO,,,Mercedes-Benz Stadium,,,,,,ATL,NO,atl,nor,1,18,ATL,NO,2025-nan-18-NO@ATL,9834278e8e3c75b23567e6c9473f5295ecf5f9f4
2025,,18,,,BUF,NYJ,BUF,NYJ,,,New Era Field,,,,,,BUF,NYJ,buf,nyj,2,20,BUF,NYJ,2025-nan-18-NYJ@BUF,6bc9c87a9fb556476d1b60f90e1171c3576b30cd
2025,,18,,,SF,SEA,SF,SEA,,,Levi's Stadium,,,,,,SF,SEA,sfo,sea,25,26,SF,SEA,2025-nan-18-SEA@SF,e0d1cdb5afd2f59cf73f72c15bb87bd5021c9c82
2025,,18,,,JAX,TEN,JAX,TEN,,,TIAA Bank Stadium,,,,,,JAX,TEN,jax,oti,30,10,JAX,TEN,2025-nan-18-TEN@JAX,4518c1a23ebe281bb056d609a0d8ebfa7c420a9b
2025,,18,,,PHI,WAS,PHI,WAS,,,Lincoln Financial Field,,,,,,PHI,WAS,phi,was,21,28,PHI,WAS,2025-nan-18-WAS@PHI,d94d6b50d0686e15faf0e416c66ffc405ed35b6e
