NAME,POS,EST. RETURN DATE,STATUS,COMMENT
James Conner,RB,Sep 25,Doubtful,Sep 21: Conner (right ankle) won't return to Sunday's game in San Francisco.
Will Hernandez,G,Sep 25,Out,Sep 21: Hernandez (knee) is inactive Sunday in Week 3 against San Francisco.
Paris Johnson Jr.,OT,Sep 25,Out,Sep 21: Johnson (knee) is inactive for Sunday's clash against the 49ers.
Will Johnson,CB,Sep 25,Out,Sep 21: Johnson (groin) is inactive for Sunday's Week 3 game against San Francisco.
Xavier Weaver,WR,Sep 25,Out,
Xavier Thomas,LB,Sep 25,Out,
Bam Knight,RB,Sep 25,Out,
Garrett Williams,CB,Oct 19,Injured Reserve,Sep 17: Williams (knee) was placed on injured reserve Wednesday.
L.J. Collier,DE,Oct 19,Injured Reserve,Sep 17: Collier (knee) was placed on injured reserve Wednesday.
Joey Blount,S,Feb 9,Injured Reserve,"Sep 10: Head coach Jonathan Gannon told reporters Wednesday that Blount (neck/concussion) will be placed on injured reserve and miss the remainder of the season, Josh Weinfuss of ESPN.com reports."
Justin Jones,DT,Oct 5,Injured Reserve,"Aug 28: The Cardinals placed Jones on injured reserve Thursday due to a knee injury, Darren Urban of the team's official site reports."
Christian Jones,OT,Oct 5,Injured Reserve,Aug 27: Jones (knee) was placed on injured reserve Tuesday.
Hayden Conner,G,Oct 5,Injured Reserve,Aug 27: Conner (knee) was placed on injured reserve Tuesday.
J.J. Russell,LB,Feb 9,Injured Reserve,"Aug 27: Russell was placed on injured reserve by the Cardinals on Tuesday, Darren Urban of the team's official website reports."
Bilal Nichols,DT,Oct 5,Out,"Aug 27: Nichols (neck) was moved to the reserve/PUP list by the the Cardinals on Tuesday, Darren Urban of the team's official website reports."
BJ Ojulari,LB,Oct 5,Out,"Aug 26: Ojulari (knee) was moved to the reserve/PUP list by the Cardinals on Tuesday, Darren Urban of the team's official website reports."
Walter Nolen III,DT,Oct 5,Out,"Aug 26: Nolen (calf) was moved to the reserve/PUP list by the Cardinals on Tuesday, Darren Urban of the team's official website reports."
Trishton Jackson,WR,Feb 9,Injured Reserve,Aug 12: The Cardinals placed Jackson (thumb) on injured reserve Tuesday.
Valentin Senn,OT,Feb 9,Injured Reserve,"Aug 3: Senn (undisclosed) was placed on injured reserve by the Cardinals on Sunday, Aaron Wilson of KPRC 2 Houston reports."
Starling Thomas V,CB,Feb 9,Injured Reserve,Jul 27: The Cardinals placed Thomas (knee) on injured reserve Sunday.
Sean Murphy-Bunting,CB,Feb 9,Out,"May 28: Coach Jonathan Gannon said Wednesday that Murphy-Bunting underwent surgery on his knee to address the injury that landed him on Arizona's NFI list, Josh Weinfuss of ESPN.com reports."
Tyrone Wheatley Jr.,OT,Feb 9,Injured Reserve,
Casey Washington,WR,Sep 28,Out,
A.J. Terrell Jr.,CB,Sep 28,Out,
Sam Roberts,DT,Sep 28,Out,
Jack Nelson,OT,Sep 28,Out,
Jamal Agnew,WR,Sep 28,Out,
Jordan Fuller,S,Oct 19,Injured Reserve,"Sep 13: Fuller (knee) was placed on injured reserve Saturday, Terrin Waack of the Falcons' official site reports."
Storm Norton,OT,Oct 13,Injured Reserve,"Sep 5: Norton (ankle) is expected to be sidelined six-to-eight weeks, D. Orlando Ledbetter of the Atlanta Journal Constitution reports."
Bralen Trice,LB,Oct 13,Injured Reserve,"Aug 28: The Falcons placed Trice (knee) on injured reserve Thursday, Tori McElhaney of the team's official site reports."
Malik Verdon,S,Oct 13,Out,"Aug 27: The Falcons moved Verdon to the reserve/non-football injury list Tuesday, Terrin Waack, Will McFadden and Tori McElhaney of the team's official site report."
Ta'Quon Graham,DT,Oct 13,Injured Reserve,"Aug 27: The Falcons placed Graham (undisclosed) on injured reserve Tuesday with a designation to return, Terrin Waack, Will McFadden and Tori McElhaney of the team's official site report."
Troy Andersen,LB,Oct 13,Out,"Aug 26: The Falcons placed Anderson on the reserve/PUP list Tuesday, Terrin Waack, Will McFadden and Tori McElhaney of the team's official site report."
Kaleb McGary,OT,Feb 9,Injured Reserve,"Aug 26: The Falcons placed McGary on season-ending IR on Tuesday, Mike Garafolo of NFL Network reports."
Emory Jones,QB,Feb 9,Injured Reserve,"Aug 19: Jones (concussion) reverted to injured reserve after clearing waivers Tuesday, Aaron Wilson of KPRC 2 Houston reports."
Kyle Van Noy,LB,Sep 28,Out,Sep 20: The Ravens have ruled out Van Noy for Monday's game versus the Lions.
Patrick Ricard,FB,Sep 28,Out,Sep 20: Ricard (calf) has been ruled out for Baltimore's matchup versus the Lions on Monday.
Isaiah Likely,TE,Sep 28,Out,Sep 20: Likely (foot) has been ruled out for Monday's game against the Lions.
Nnamdi Madubuike,DT,Sep 28,Out,Sep 20: Coach John Harbaugh said Saturday that Madubuike (neck) will be out for Monday night's game against the Lions.
Ar'Darius Washington,S,Dec 7,Out,"Aug 27: The Ravens placed Washington (Achilles) on the reserve/PUP list Tuesday, Jamison Hensley of ESPN.com reports."
Emery Jones Jr.,OT,Oct 5,Out,"Aug 27: Jones (shoulder) was placed on the reserve/non-football injury list Tuesday, Jamison Hensley of ESPN.com reports."
Adisa Isaac,LB,Oct 5,Injured Reserve,"Aug 27: Baltimore placed Isaac (elbow) on its injured reserve list Tuesday, Jamison Hensley of ESPN.com reports."
Dayton Wade,WR,Feb 9,Injured Reserve,"Aug 26: The Ravens placed Wade (ribs) on injured reserve Tuesday, Jamison Hensley of ESPN.com reports."
Robert Longerbeam,CB,Feb 9,Injured Reserve,"Aug 10: The Ravens placed Longerbeam (knee) on injured reserve Sunday, Jamison Hensley of ESPN.com reports."
Bilhal Kone,CB,Feb 9,Injured Reserve,Aug 9: The Ravens placed Kone (knee) on injured reserve Saturday.
Matt Milano,LB,Sep 28,Out,"Sep 20: Coach Sean McDermott said Friday that the team has chosen not to place Milano, who missed Thursday's win over the Dolphins with a pectoral injury, on IR, Alec White of the Bills' official site reports."
Curtis Samuel,WR,Sep 28,Out,Sep 18: Samuel (coach's decision) is inactive for Thursday night's game against the Dolphins.
Ed Oliver,DT,Sep 28,Out,
Chase Lundt,OT,Sep 28,Out,
Landon Jackson,DE,Sep 28,Out,
Ja'Marcus Ingram,CB,Sep 28,Out,
Jordan Hancock,CB,Sep 28,Out,
Tyler Bass,PK,Oct 5,Injured Reserve,Sep 5: The Bills placed Bass (left hip/groin) on injured reserve Friday.
DeWayne Carter,DT,Feb 9,Injured Reserve,Sep 4: The Bills placed Carter (Achilles) on injured reserve Thursday.
Wande Owens,S,Feb 9,Injured Reserve,"Aug 27: Owens (undisclosed) reverted to the Bills' injured reserve list Wednesday, Alaina Getzenberg of ESPN.com reports."
Tylan Grable,OT,Oct 5,Injured Reserve,Aug 27: Grable (concussion) was placed on injured reserve with a designation to return Tuesday.
Maxwell Hairston,CB,Oct 5,Injured Reserve,Aug 26: Hairston (knee) was placed on injured reserve Tuesday.
Ja'Tavion Sanders,TE,Sep 21,Questionable,"Sep 21: Sanders sustained an ankle injury during Sunday's game versus the Falcons, David Newton of ESPN.com reports."
Jimmy Horn Jr.,WR,Sep 28,Out,"Sep 21: Horn (coach's decision) is inactive for Sunday's game against the Falcons, Darin Gantt of the Panthers' official site reports."
Xavier Legette,WR,Sep 28,Out,"Sep 21: Legette (hamstring) is inactive for Sunday's game against the Falcons, Darin Gantt of the Panthers' official site reports."
Tershawn Wharton,DT,Sep 28,Out,
Nick Samac,C,Sep 28,Out,
James Mitchell,TE,Sep 28,Out,
Patrick Jones II,LB,Sep 28,Out,
Robert Hunt,G,Oct 19,Injured Reserve,"Sep 16: The Panthers placed Hunt (biceps) on injured reserve Tuesday, Darin Gantt of the team's official site reports."
Austin Corbett,C,Oct 19,Injured Reserve,"Sep 16: The Panthers placed Corbett (knee) on injured reserve Tuesday, Darin Gantt of the team's official site reports."
Damarri Mathis,CB,Feb 9,Injured Reserve,Sep 6: The Panthers placed Mathis (knee) on injured reserve Saturday.
Jalen Coker,WR,Oct 5,Injured Reserve,"Sep 1: Coker (quadriceps), who was placed on IR on Saturday, is expected to be sidelined 4-to-6 games in his recovery, David Newton of ESPN reports."
LaBryan Ray,DE,Oct 5,Injured Reserve,"Aug 26: The Panthers placed Ray (ankle) on injured reserve Tuesday, which rules him out for at least the first four games of the regular season, Darin Gantt of the Panthers' official site reports."
Popo Aumavae,DT,Feb 9,Injured Reserve,"May 9: Aumavae (Achilles) cleared waivers and reverted to injured reserve Friday, Aaron Wilson of KPRC 2 Houston reports."
Jonathon Brooks,RB,Feb 9,Out,"May 8: The Panthers are placing Brooks on the physically unable to perform list, ruling him out for the entire 2025 season."
Colston Loveland,TE,Sep 21,Questionable,Sep 21: Loveland suffered a hip injury during Sunday's game against the Cowboys..
D'Marco Jackson,LB,Sep 28,Out,Sep 21: Jackson (hamstring) is inactive for Sunday's game against the Cowboys.
Case Keenum,QB,Sep 28,Out,Sep 21: Keenum (coach's decision) is inactive for Sunday's game against the Cowboys.
Ozzy Trapilo,OT,Sep 28,Out,
Kyler Gordon,CB,Sep 28,Out,
T.J. Edwards,LB,Sep 28,Out,
Jaylon Johnson,CB,Nov 9,Injured Reserve,"Sep 21: Johnson (groin) will likely undergo core muscle surgery next week and could return during the second half of the regular season, Ian Rapoport of NFL Network reports."
Kiran Amegadjie,OT,Oct 26,Injured Reserve,Sep 20: The Bears placed Amegadjie (elbow) on injured reserve Saturday.
Austin Booker,DE,Oct 13,Injured Reserve,Aug 28: The Bears placed Booker (knee) on injured reserve Thursday.
Amen Ogbongbemiga,LB,Oct 13,Injured Reserve,"Aug 27: Ogbongbemiga (undisclosed) was placed on injured reserve Wednesday, but with a designation to return."
Zah Frazier,CB,Feb 9,Out,"Aug 27: Bears general manager Ryan Poles said Tuesday that Frazier will remain on the reserve/non-football injury list the entire 2025 campaign for a ""personal"" reason, Courtney Cronin of ESPN reports."
Travis Homer,RB,Oct 13,Injured Reserve,"Aug 26: The Bears placed Homer (calf) on IR on Tuesday, ruling him out for at least the first four games of the regular season."
Terell Smith,CB,Feb 9,Injured Reserve,Aug 24: The Bears placed Smith (knee) on injured reserve Sunday.
Deion Hankins,RB,Feb 9,Injured Reserve,"Aug 20: Hankins (shoulder/quadriceps) was placed on injured reserve Wednesday, Adam Hoge of AllCHGO.com reports."
Noah Fant,TE,Sep 29,Questionable,Sep 21: Fant (concussion) won't return to Sunday's game against the Vikings.
Dalton Risner,G,Sep 21,Questionable,Sep 21: Risner is questionable to return to Sunday's game against the Vikings due to a calf injury.
Samaje Perine,RB,Sep 29,Questionable,Sep 21: Perine (thumb) has been ruled out for the rest of Sunday's game against the Vikings.
Tanner Hudson,TE,Sep 29,Out,Sep 21: Hudson (coach's decision) is inactive for Sunday's game against the Vikings.
Jermaine Burton,WR,Sep 29,Out,Sep 21: Burton (coach's decision) is a healthy scratch for Sunday's game against the Vikings.
Cam Taylor-Britt,CB,Sep 29,Out,Sep 21: Taylor-Britt (hamstring) is inactive for Sunday's game against the Vikings.
Shemar Stewart,DE,Sep 29,Out,
McKinnley Jackson,DT,Sep 29,Out,
Joe Burrow,QB,Dec 14,Injured Reserve,"Sep 21: Burrow, who underwent surgery Friday to address a Grade 3 turf toe injury, is facing a three-month absence, Ian Rapoport of NFL Network reports."
Lucas Patrick,G,Oct 12,Injured Reserve,Sep 9: The Bengals placed Patrick (calf) on injured reserve Tuesday.
Cordell Volson,G,Feb 9,Injured Reserve,Aug 27: Volson (shoulder) reverted to the Bengals' injured reserve list Wednesday.
Cedric Johnson,DE,Oct 5,Injured Reserve,"Aug 27: Johnson (calf) was placed on injured reserve by the Bengals on Tuesday, though he was designated to return."
Daijahn Anthony,S,Oct 5,Injured Reserve,"Aug 27: Anthony (hamstring) was placed on injured reserve by the Bengals on Tuesday, but he was designated to return."
Erick All Jr.,TE,Feb 9,Out,Aug 26: The Bengals placed All (knee) on the reserve/PUP list Tuesday.
Dawand Jones,OT,Sep 28,Questionable,"Sep 21: Jones (knee) has been ruled out for the rest of Sunday's game against the Packers, Daniel Oyefusi of ESPN.com reports."
Jack Conklin,OT,Sep 28,Out,Sep 21: Conklin (elbow) is inactive for Sunday's tilt against Green Bay.
Zak Zinter,G,Sep 28,Out,
Shedeur Sanders,QB,Sep 28,Out,
Raheim Sanders,RB,Sep 28,Out,
Cameron Mitchell,CB,Sep 28,Out,
Damontae Kazee,S,Sep 28,Out,
Mike Hall Jr.,DT,Sep 28,Out,
Winston Reid,LB,Oct 5,Injured Reserve,Aug 27: Reid (back) was placed on injured reserve Tuesday.
Cade McDonald,WR,Feb 9,Injured Reserve,"Aug 27: McDonald (undisclosed) cleared waivers Wednesday and reverted to injured reserve, per the NFL's official media site."
David Bell,WR,Oct 5,Out,"Aug 26: The Browns placed Bell (hip) on the reserve/non-football injury list Tuesday, Kelsey Russo of the team's official site reports."
Deshaun Watson,QB,Oct 5,Out,"Aug 26: The Browns placed Watson (Achilles) on the reserve/PUP list Tuesday, Kelsey Russo of the team's official site reports."
Nathaniel Watson,LB,Feb 9,Injured Reserve,Aug 21: Watson (biceps) was placed on injured reserve Thursday.
Anthony Kendall,CB,Feb 9,Injured Reserve,"Aug 6: Kendall (undisclosed) reverted to Cleveland's injured reserve list Wednesday, Aaron Wilson of KPRC 2 Houston reports."
Martin Emerson Jr.,CB,Feb 9,Injured Reserve,"Jul 30: Emerson (Achilles) was ruled out for the season Wednesday, Mary Kay Cabot of The Cleveland Plain Dealer reports."
Justin Osborne,C,Feb 9,Injured Reserve,Jun 10: Osborne (undisclosed) reverted to Cleveland's injured reserve Tuesday.
Jeremiah Owusu-Koramoah,LB,Feb 9,Out,May 12: The Browns placed Owusu-Koramoah (neck) on the Reserve/Physically Unable to to Perform list Monday.
CeeDee Lamb,WR,Sep 28,Questionable,"Sep 21: Cowboys owner Jerry Jones said after Sunday's loss to the Bears the early word on Lamb's ankle injury is positive, and Lamb is believed to have avoided a serious issue, Joe Hoyt of The Dallas Morning News reports."
Kenny Clark,DT,Sep 21,Questionable,"Sep 21: Clark (ankle) is questionable to return to Sunday's contest against the Bears, Todd Archer of ESPN.com reports."
Trevon Diggs,CB,Sep 21,Questionable,"Sep 21: Diggs (shoulder) is questionable to return to Sunday's contest in Chicago, Todd Archer of ESPN.com reports."
Jaydon Blue,RB,Sep 28,Out,"Sep 21: Blue (coach's decision) isn't active for Sunday's battle against the Bears, Garrett Podell of CBS Sports reports."
Jay Toia,DT,Sep 28,Out,
Trevor Keegan,G,Sep 28,Out,
Shemar James,LB,Sep 28,Out,
Ajani Cornelius,OT,Sep 28,Out,
DaRon Bland,CB,Sep 28,Out,
Jadeveon Clowney,DE,Sep 28,Out,"Sep 21: Whether Clowney is activated for Week 3's game against the Bears depends upon whether Trevon Diggs (knee) can play, Jay Glazer reported on Fox NFL Sunday."
DeMarvion Overshown,LB,Nov 17,Out,"Sep 16: Overshown told reporters Monday that he's ""feeling good"" about his recovery from a from a severe injury from the 2024 season and noted, ""I feel like I'll be playing football before Thanksgiving with the team,"" Joe Hoyt of The Dallas Morning News reports."
Cooper Beebe,C,Oct 26,Injured Reserve,Sep 15: The Cowboys placed Beebe (ankle) on injured reserve Monday.
Perrion Winfrey,DT,Oct 12,Injured Reserve,Sep 8: The Cowboys placed Winfrey (back) on injured reserve Monday.
John Stephens Jr.,TE,Oct 5,Injured Reserve,"Aug 28: The previously terminated contract between the Cowboys and Stephens (undisclosed) was reinstated Thursday, and he has been placed on injured reserve, Aaron Wilson of KPRC 2 Houston reports."
Caelen Carson,CB,Oct 5,Injured Reserve,Aug 27: Carson (knee) was placed on injured reserve by the Cowboys on Wednesday.
Phil Mafah,RB,Oct 5,Injured Reserve,Aug 27: The Cowboys placed Mafah (shoulder) on injured reserve Wednesday.
Payton Turner,DE,Oct 5,Injured Reserve,"Aug 26: The Cowboys placed Turner (ribs) on injured reserve Tuesday, ruling him out for at least the first four games of the regular season."
Shavon Revel Jr.,CB,Oct 5,Out,Aug 26: The Cowboys placed Revel (ACL) on the reserve/non-football injury list Tuesday.
Jonathan Mingo,WR,Oct 5,Injured Reserve,"Aug 26: The Cowboys placed Mingo (knee) on injured reserve Tuesday, a transaction which rules him out for at least the first four games of the regular season."
Rob Jones,G,Feb 9,Injured Reserve,"Aug 8: Jones (neck) was placed on season-ending injured reserve Friday, Nick Eatman of the Cowboys' official site reports."
Josh Butler,CB,Oct 5,Out,"Jul 21: Butler (knee) was placed on the active/PUP list Monday, Calvin Watkins of the Dallas Morning News reports."
Jaleel McLaughlin,RB,Sep 29,Out,"Sep 21: McLaughlin (coach's decision) is inactive for Sunday's game against the Chargers, Aric DiLalla of the Broncos' official site reports."
Sam Ehlinger,QB,Sep 29,Out,Sep 21: Ehlinger (coach's decision) is inactive and serving as the Broncos' emergency third quarterback for Sunday's Week 3 contest against the Chargers.
Que Robinson,LB,Sep 29,Out,
Sai'vion Jones,DE,Sep 29,Out,
Evan Engram,TE,Sep 29,Out,
Frank Crum,OT,Sep 29,Out,
Dre Greenlaw,LB,Oct 19,Injured Reserve,"Sep 20: The Broncos placed Greenlaw (quadriceps) on injured reserve Saturday, Zac Stevens of TheDNVR.com reports."
Malcolm Roach,DT,Oct 5,Injured Reserve,"Sep 6: Roach (calf) was placed on injured reserve Saturday, Aric DiLalla of the Broncos' official site reports."
Drew Sanders,LB,Oct 5,Injured Reserve,"Aug 27: Sanders (foot) was placed on injured reserve with a designation to return Tuesday, Aric DiLalla of the Broncos' official website reports."
Michael Burton,FB,Feb 9,Injured Reserve,"Aug 26: Burton was placed on injured reserve by the Broncos on Tuesday, Aric DiLalla of the team's official website reports."
Nick Gargiulo,G,Feb 9,Injured Reserve,"Aug 19: Head coach Sean Payton announced Tuesday that it was an ACL injury that landed Gargiulo on injured reserve, Aric DiLalla of the Broncos' official site reports."
Matt Henningsen,DE,Feb 9,Injured Reserve,"Aug 11: Henningsen (Achilles) reverted to the Broncos' injured reserve Monday, Chris Tomasson of The Denver Gazette reports."
Johnny Walker Jr.,LB,Feb 9,Injured Reserve,"Jul 31: Walker (undisclosed) was placed on injured reserve by the Broncos on Thursday, Aric DiLalla of the team's official site reports."
D.J. Reed,CB,Sep 22,Questionable,"Sep 20: Reed (knee) is questionable for Detroit's matchup Monday versus the Ravens, Tim Twentyman of the team's official site reports."
Kerby Joseph,S,Sep 22,Questionable,"Sep 20: Joseph (knee) is questionable for Detroit's game Monday versus the Ravens, Tim Twentyman of the team's official site reports."
Jack Campbell,LB,Sep 22,Questionable,"Sep 20: Campbell (ankle) is listed as questionable for Detroit's matchup versus the Ravens on Monday, Tim Twentyman of the team's official site reports."
Marcus Davenport,DE,Sep 28,Out,Sep 20: Davenport (chest) is not expected to play in Detroit's matchup versus the Ravens on Monday.
Taylor Decker,OT,Sep 22,Questionable,
Shane Zylstra,TE,Oct 20,Injured Reserve,Sep 16: The Lions placed Zylstra (ankle) on injured reserve Tuesday.
Jamarco Jones,OT,Feb 9,Injured Reserve,"Sep 8: Head coach Dan Campbell said Monday that Jones (ankle) is out for the entire 2025 season, Colton Pouncy of The Athletic reports."
Miles Frazier,G,Oct 5,Out,Aug 27: The Lions placed Frazier (undisclosed) on the reserve/PUP list Tuesday.
Ezekiel Turner,LB,Feb 9,Injured Reserve,Aug 27: The Lions placed Turner (foot) on injured reserve Tuesday.
Josh Paschal,DE,Oct 5,Out,Aug 26: Paschal (undisclosed) was placed on the reserve/non-football injury list Tuesday.
Malcolm Rodriguez,LB,Oct 5,Out,Aug 26: Rodriguez (knee) was placed on the reserve/PUP list Tuesday.
Alim McNeill,DT,Dec 4,Out,Aug 26: McNeill (knee) was placed on the reserve/PUP list Tuesday.
Colby Sorsdal,OT,Feb 9,Injured Reserve,Aug 10: The Lions placed Sorsdal (undisclosed) on injured reserve Sunday.
Justin Herron,OT,Feb 9,Injured Reserve,Aug 10: The Lions placed Herron (undisclosed) on injured reserve Sunday.
Kenny Yeboah,TE,Feb 9,Injured Reserve,Aug 10: The Lions placed Yeboah (undisclosed) on injured reserve Sunday.
Ennis Rakestraw Jr.,CB,Feb 9,Injured Reserve,Aug 7: Rakestraw (shoulder) was placed on injured reserve Thursday.
Kye Robichaux,RB,Feb 9,Injured Reserve,"Aug 5: Robichaux (undisclosed) reverted to Detroit's injured reserve list Tuesday, per the NFL's transaction log."
Dan Jackson,S,Feb 9,Injured Reserve,Aug 4: The Lions placed Jackson (leg) on injured reserve Monday.
Levi Onwuzurike,DE,Feb 9,Out,"Jul 20: Onwuzurike will miss the 2025 NFL campaign after undergoing surgery for a torn ACL, Adam Schefter of ESPN reports."
Aaron Banks,G,Sep 21,Questionable,Sep 21: Banks is questionable to return to Sunday's game against the Browns due to a groin injury.
Zach Tom,OT,Sep 21,Questionable,Sep 21: Tom is questionable to return to Sunday's game against the Browns due to an oblique injury.
Donovan Jennings,G,Sep 28,Out,
Kamal Hadden,CB,Sep 28,Out,
Warren Brinson,DT,Sep 28,Out,
Jayden Reed,WR,Nov 2,Injured Reserve,Sep 20: The Packers placed Reed (collarbone/foot) on injured reserve Saturday.
Christian Watson,WR,Oct 12,Out,"Sep 15: Watson (ACL) said Monday he expects to return to practice upon his window to do so opening after Week 4, Matt Schneidman of The Athletic reports."
Brenton Cox Jr.,DE,Oct 19,Injured Reserve,Sep 11: The Packers placed Cox (groin) on injured reserve Thursday.
John Williams,G,Oct 12,Out,"Aug 27: The Packers placed Williams (back) on the reserve/PUP list Tuesday, Wes Hodklewickz of the team's official site reports."
Jacob Monk,C,Oct 12,Injured Reserve,"Aug 27: The Packers placed Monk (hamstring) on injured reserve Tuesday with an injury designation, Wes Hodklewicz of the team's official site reports."
Collin Oliver,DE,Oct 12,Out,"Aug 26: Oliver (hamstring) was placed on the reserve/PUP list by the Packers on Tuesday, Wes Hodkiewicz of the team's official website reports."
MarShawn Lloyd,RB,Oct 12,Injured Reserve,"Aug 26: The Packers placed Lloyd (hamstring) on injured reserve with a designation to return Tuesday, Wes Hodkiewicz of the team's official site reports."
Travis Glover,OT,Feb 9,Injured Reserve,"Aug 6: The Packers placed Glover (shoulder) on injured reserve Wednesday, Tom Silverstein of the Milwaukee Journal Sentinel reports."
Derek Stingley Jr.,CB,Sep 28,Questionable,Sep 21: Stingley (ribs) has been ruled out for the rest of Sunday's game against the Jaguars.
Braxton Berrios,WR,Sep 28,Out,Sep 21: Berrios (coach's decision) isn't suiting up Sunday against Jacksonville.
Dameon Pierce,RB,Sep 28,Out,Sep 21: Pierce is inactive for Sunday's game against the Jaguars.
Darrell Taylor,DE,Sep 28,Out,
Graham Mertz,QB,Sep 28,Out,
Blake Fisher,OT,Sep 28,Out,
British Brooks,RB,Sep 28,Out,
Brenden Bates,TE,Sep 28,Out,
Jaylin Smith,CB,Oct 26,Injured Reserve,Sep 20: The Texans placed Smith (hamstring) on injured reserve Saturday.
Justin Watson,WR,Oct 26,Injured Reserve,Sep 17: Watson (calf/Achilles) was placed on IR by the Texans on Wednesday.
Cade Stover,TE,Oct 20,Injured Reserve,Sep 10: The Texans placed Stover (foot) on injured reserve Wednesday.
Denico Autry,DE,Oct 5,Out,Aug 27: Autry (knee) was placed on the reserve/PUP list Tuesday.
Joe Mixon,RB,Oct 5,Out,"Aug 27: Texans general manager Nick Caserio declined to answer in the affirmative when asked Wednesday whether Mixon (foot/ankle) will suit up this season, DJ Bien-Aime of ESPN reports."
Alijah Huzzie,CB,Oct 5,Out,Aug 27: Huzzie (undisclosed) was placed on the reserve/non-football injury list Tuesday.
Jaylen Reed,S,Oct 5,Injured Reserve,Aug 27: Reed (ankle) was placed on injured reserve with a designation to return Tuesday.
Irv Smith Jr.,TE,Feb 9,Injured Reserve,Aug 26: The Texans placed Smith (ankle) on injured reserve Tuesday.
Tank Dell,WR,Oct 5,Out,Aug 26: The Texans placed Dell (knee) on the reserve/PUP list Tuesday.
Jimmie Ward,S,Sep 28,Out,"Aug 26: The Texans placed Ward (undisclosed) on the Commissioner Exempt List on Tuesday, Tom Pelissero of NFL Network reports."
Brevin Jordan,TE,Feb 9,Injured Reserve,"Aug 12: The Texans (knee) announced Tuesday that Jordan (knee) will be placed on IR, Jonathan M. Alexander of the Houston Chronicle reports."
Kyonte Hamilton,DT,Feb 9,Injured Reserve,Aug 1: Houston placed Hamilton (ankle) on its injured reserve list Friday.
Kurt Hinish,DT,Oct 5,Out,Jul 23: Hinish (undisclosed) was placed on the active/PUP list by the Texans on Wednesday.
Alec Pierce,WR,Sep 28,Questionable,
Kenny Moore II,CB,Sep 28,Questionable,Sep 21: Moore hurt his calf in Sunday's game against Tennessee and has been ruled out for the remainder of the contest.
Riley Leonard,QB,Sep 28,Out,Sep 21: Leonard (coach's decision) is inactive as the Colts' emergency third quarterback Week 3 versus Tennessee.
JT Tuimoloau,DE,Sep 28,Out,
Luke Tenuta,OT,Sep 28,Out,
Chad Muma,LB,Sep 28,Out,
Will Mallory,TE,Sep 28,Out,
Jaylon Jones,CB,Oct 12,Injured Reserve,Sep 13: Jones (hamstring) was placed on injured reserve Saturday.
Jaylon Carlies,LB,Oct 5,Injured Reserve,"Aug 26: The Colts placed Carlies (ankle) on injured reserve with a designation to return Tuesday, Amanda Foster of the team's official site reports."
Hunter Wohler,S,Feb 9,Injured Reserve,Aug 18: Wohler (foot) was put on injured reserve by the Colts on Monday.
Jacob Phillips,LB,Feb 9,Injured Reserve,Aug 18: Phillips (biceps) was placed on injured reserve by the Colts on Monday.
Blake Freeland,OT,Feb 9,Injured Reserve,Aug 18: Freeland (leg) was placed on injured reserve by the Colts on Monday.
D.J. Montgomery,WR,Feb 9,Injured Reserve,Aug 13: The Colts placed Montgomery (undisclosed) on the injured reserve list Wednesday.
Justin Walley,CB,Feb 9,Injured Reserve,Aug 8: Walley (knee) was placed on injured reserve Friday.
Salvon Ahmed,RB,Feb 9,Injured Reserve,Aug 8: The Colts placed Ahmed (ankle) on injured reserve Friday.
Jack Wilson,OT,Feb 9,Injured Reserve,Jul 28: Wilson (undisclosed) was placed on injured reserve by the Colts on Monday.
Dyami Brown,WR,Sep 28,Questionable,
Danny Striggow,DE,Sep 21,Out,
Khalen Saunders,DT,Sep 21,Out,
Cody Schrader,RB,Sep 21,Out,
Wyatt Milum,G,Sep 28,Out,
Kahlef Hailassie,S,Sep 21,Out,
BJ Green II,DE,Sep 21,Out,
Jalen McLeod,LB,Oct 6,Injured Reserve,Aug 27: McLeod (lower body) was placed on injured reserve with a designation to return Tuesday.
Caleb Ransaw,CB,Feb 9,Injured Reserve,Aug 27: Jacksonville placed Ransaw (lower body) on its injured reserve list Tuesday.
Joshua Cephus,WR,Feb 9,Injured Reserve,"Aug 21: Cephus (undisclosed) reverted to injured reserve with the Jaguars on Thursday, Aaron Wilson of KPRC 2 Houston reports."
Cooper Hodges,OT,Oct 6,Out,"Jun 6: Hodges (knee) cleared waivers and reverted to Jacksonville's PUP list Thursday, Demetrius Harvey of The Florida Times-Union reports."
Xavier Worthy,WR,Sep 28,Out,
Jared Wiley,TE,Sep 28,Out,
Hunter Nourzad,C,Sep 28,Out,
Elijah Mitchell,RB,Sep 28,Out,
Kristian Fulton,CB,Sep 28,Out,
Mike Danna,DE,Sep 28,Out,
Nazeeh Johnson,S,Oct 6,Injured Reserve,Aug 27: Johnson (shoulder) was placed on injured reserve Tuesday with a designation to return.
Brandon George,LB,Feb 9,Injured Reserve,Aug 27: George (undisclosed) was placed on injured reserve Tuesday.
Ethan Driskell,OT,Oct 6,Out,Aug 27: Driskell (appendix) was placed on the reserve/non-football injury list Tuesday.
Jake Briningstool,TE,Oct 6,Injured Reserve,"Aug 26: The Chiefs placed Briningstool (hamstring) on injured reserve Tuesday with a designation to return, per the NFL's transaction log."
Felix Anudike-Uzomah,DE,Feb 9,Injured Reserve,Aug 18: Anudike-Uzomah (hamstring) was placed on injured reserve by the Chiefs on Monday.
Deon Bush,S,Feb 9,Injured Reserve,Aug 11: The Chiefs placed Bush (Achilles) on injured reserve Monday.
Janarius Robinson,DE,Feb 9,Injured Reserve,Aug 11: Kansas City placed Robinson (foot) on its injured reserve list Monday.
Eric Scott Jr.,CB,Feb 9,Injured Reserve,"Aug 3: Scott (undisclosed) reverted to injured reserve with Kansas City on Saturday, Aaron Wilson of KPRC 2 Houston reports."
Keaontay Ingram,RB,Feb 9,Injured Reserve,"May 16: Ingram (undisclosed) reverted to injured reserve Friday, Aaron Wilson of KPRC 2 Houston reports."
Michael Mayer,TE,Sep 28,Questionable,Sep 21: Mayer (concussion) won't return to Sunday's game against the Commanders.
Decamerion Richardson,CB,Sep 28,Out,Sep 21: Richardson (hamstring) is inactive for Sunday's matchup against Washington.
Charles Snowden,DE,Sep 28,Out,
Caleb Rogers,G,Sep 28,Out,
JJ Pegues,DT,Sep 28,Out,
Raheem Mostert,RB,Sep 28,Out,
Tonka Hemingway,DT,Sep 28,Out,
Charles Grant,OT,Sep 28,Out,
Lonnie Johnson Jr.,CB,Oct 5,Injured Reserve,Aug 27: The Raiders placed Johnson (leg) on injured reserve Tuesday.
Aidan O'Connell,QB,Oct 5,Injured Reserve,"Aug 27: The Raiders are placing O'Connell (wrist) on injured reserve, Ryan McFadden of ESPN.com reports."
Najee Harris,RB,Sep 28,Questionable,"Sep 21: Coach Jim Harbaugh confirmed Harris suffered an Achilles injury in Sunday's win over the Broncos, Ian Rapoport of NFL Network reports."
Mekhi Becton,G,Sep 28,Questionable,Sep 21: Becton (concussion) has been ruled out for the remainder of Sunday's game versus the Broncos.
Cam Hart,CB,Sep 28,Out,Sep 21: Hart (hip) is inactive for Sunday's Week 3 battle against the Broncos.
KeAndre Lambert-Smith,WR,Sep 28,Out,Sep 21: Lambert-Smith is inactive for Sunday's game against the Broncos.
Otito Ogbonnia,DT,Sep 28,Out,
Elijah Molden,CB,Sep 28,Out,
Emany Johnson,LB,Sep 28,Out,
Will Dissly,TE,Sep 28,Out,
Khalil Mack,LB,Oct 19,Injured Reserve,Sep 17: The Chargers placed Mack (elbow) on injured reserve Wednesday.
Denzel Perryman,LB,Oct 12,Injured Reserve,Sep 15: The Chargers placed Perryman (ankle) on injured reserve Monday.
Eric Rogers,CB,Oct 5,Injured Reserve,Aug 27: Rogers (undisclosed) was placed on injured reserve by the Chargers on Wednesday.
Deane Leonard,CB,Oct 5,Injured Reserve,Aug 27: Leonard (leg) was placed on injured reserve with a designation to return Wednesday.
Josh Harris,LS,Oct 5,Injured Reserve,Aug 27: Harris (undisclosed) was placed on injured reserve with a designation to return Tuesday.
Junior Colson,LB,Feb 9,Injured Reserve,"Aug 27: The Chargers placed Colson (shoulder) on injured reserve Tuesday, ruling him out for the entire 2025 season,"
Jordan Oladokun,CB,Feb 9,Injured Reserve,"Aug 15: Oladokun (undisclosed) reverted to the Chargers' injured reserve list Friday, per the NFL's transaction log."
Rashawn Slater,OT,Feb 9,Injured Reserve,Aug 9: The Chargers placed Slater (knee) on injured reserve Saturday.
Josh Fuga,DT,Feb 9,Injured Reserve,"Aug 5: Fuga (undisclosed) reverted to the Chargers' injured reserve Tuesday, per the NFL's transaction log."
Terrance Ferguson,TE,Sep 28,Out,"Sep 21: Ferguson (coach's decision) is inactive for Sunday's game against the Eagles, Stu Jackson of the Rams' official site reports."
Steve Avila,G,Sep 28,Out,"Sep 21: Avila (ankle) has been ruled out for Sunday's game against the Eagles, Stu Jackson of the Rams' official site reports."
Stetson Bennett IV,QB,Sep 28,Out,"Sep 21: Bennett (coach's decision) is inactive but will serve as the Rams' emergency third quarterback against the Eagles on Sunday, Stu Jackson of the Rams' official site reports."
D.J. Humphries,OT,Sep 28,Out,
Nick Hampton,LB,Sep 28,Out,
Ahkello Witherspoon,CB,Dec 7,Injured Reserve,Sep 15: The Rams placed Witherspoon (collarbone) on injured reserve Monday.
Keir Thomas,LB,Feb 9,Injured Reserve,Aug 19: The Rams placed Thomas (undisclosed) on injured reserve Tuesday.
Jason Marshall Jr.,CB,Sep 29,Questionable,"Sep 19: Coach Mike McDaniel said Friday that Marshall (hamstring) is viewed as week-to-week, Joe Schad of The Palm Beach Post reports."
Darren Waller,TE,Sep 29,Out,"Sep 19: Coach Mike McDaniel expects Waller (hip) to play against the Jets on Monday, Sept. 29, David Furones of the South Florida Sun Sentinel reports."
Quinn Ewers,QB,Sep 29,Out,Sep 18: Ewers (coach's decision) is inactive for Thursday night's clash with the Bills.
Tahj Washington,WR,Sep 29,Out,
Ifeatu Melifonwu,S,Sep 29,Out,
Storm Duck,CB,Sep 29,Out,
JuJu Brents,CB,Sep 29,Out,
Zeek Biggers,DT,Sep 29,Out,
Austin Jackson,G,Oct 12,Injured Reserve,"Sep 15: Head coach Mike McDaniel told reporters Monday that Jackson (toe) can return from injured reserve later this season, David Furones of the South Florida Sun Sentinel reports."
James Daniels,G,Oct 12,Injured Reserve,Sep 9: The Dolphins placed Daniels (pectoral) on injured reserve Tuesday.
Cam Smith,CB,Oct 5,Out,"Aug 27: Smith (undisclosed) was placed on the reserve/non-football injury list Wednesday, Cameron Wolfe of NFL Network reports."
Liam Eichenberg,OT,Oct 5,Out,Aug 27: Eichenberg (undisclosed) was placed on the reserve/PUP list by the Dolphins on Tuesday.
Andrew Meyer,C,Oct 5,Injured Reserve,"Aug 27: Meyer (undisclosed) was placed on injured reserve by the Dolphins on Tuesday, though he was designated to return."
Jason Sanders,PK,Oct 5,Injured Reserve,"Aug 26: The Dolphins placed Sanders (hip) on injured reserve Tuesday, ruling him out for at least the first four games of the regular season."
Yodny Cajuste,OT,Feb 9,Injured Reserve,"Aug 20: Cajuste (undisclosed) was placed on injured reserve Tuesday, Aaron Wilson of KPRC 2 Houston reports."
Germain Ifedi,G,Feb 9,Injured Reserve,Aug 14: Ifedi (undisclosed) was placed on injured reserve Thursday.
Alexander Mattison,RB,Feb 9,Injured Reserve,"Aug 12: Mattison (neck), who was placed on season-ending IR on Monday, does not have a career-ending injury, David Furones of the South Florida Sun Sentinel reports."
Jalin Conyers,TE,Feb 9,Injured Reserve,Aug 4: The Dolphins placed Conyers on injured reserve Monday due to a leg injury.
Kader Kohou,CB,Feb 9,Injured Reserve,Aug 1: The Dolphins placed Kohou (knee) on injured reserve Friday.
Obinna Eze,OT,Feb 9,Injured Reserve,Jul 31: Eze (undisclosed) was placed on injured reserve Wednesday.
Artie Burns,CB,Feb 9,Injured Reserve,Jul 24: The Dolphins placed Burns on injured reserve Thursday due to a torn ACL.
Jason Maitre,CB,Feb 9,Injured Reserve,May 27: The Dolphins placed Maitre (undisclosed) on the injured reserve list Tuesday.
Javon Hargrave,DT,Sep 21,Questionable,Sep 21: Hargrave is questionable to return to Sunday's game against the Bengals due to a chest injury.
Desmond Ridder,QB,Sep 28,Out,Sep 21: Ridder (coach's decision) is inactive but will serve as the Vikings' emergency third quarterback against the Bengals on Sunday.
Elijah Williams,DE,Sep 28,Out,
Nick Vannett,TE,Sep 28,Out,
Justin Skule,OT,Sep 28,Out,
J.J. McCarthy,QB,Oct 5,Out,
Ryan Kelly,C,Sep 28,Out,
Tim Jones,WR,Sep 28,Out,
Aaron Jones Sr.,RB,Oct 23,Injured Reserve,
Gabriel Murphy,LB,Sep 21,Questionable,Sep 14: Murphy (knee) has been ruled out for the rest of Sunday night's contest against the Falcons.
Ty Chandler,RB,Oct 19,Injured Reserve,Sep 11: Chandler (knee) was placed on injured reserve Thursday.
Blake Cashman,LB,Oct 19,Injured Reserve,Sep 11: Cashman (hamstring) was placed on injured reserve Thursday.
Tyler Batty,LB,Oct 5,Injured Reserve,Aug 27: Batty (knee) was placed on injured reserve Tuesday.
Gavin Bartholomew,TE,Oct 5,Out,Aug 26: Bartholomew (back) was placed on the reserve/PUP list Tuesday.
C.J. Ham,FB,Oct 5,Injured Reserve,Aug 26: Ham (undisclosed) was placed on injured reserve Tuesday.
Zeke Correll,C,Feb 9,Injured Reserve,"Aug 13: Correll (ankle) reverted to the Vikings' injured reserve list Wednesday, Aaron Wilson of KPRC 2 Houston reports."
Rondale Moore,WR,Feb 9,Injured Reserve,Aug 12: The Vikings placed Moore (knee) on injured reserve Tuesday.
Matt Nelson,OT,Feb 9,Injured Reserve,Aug 11: Nelson (undisclosed) was placed on the Vikings' injured reserve Monday.
Alex Williams,DE,Feb 9,Injured Reserve,"Aug 1: Williams (undisclosed) reverted to the Vikings' injured-reserve list Friday, Aaron Wilson of KPRC 2 Houston reports."
Caedan Wallace,OT,Sep 28,Out,
Tommy DeVito,QB,Sep 28,Out,Sep 21: DeVito (coach's decision) is inactive but will serve as New England's emergency third quarterback against Pittsburgh on Sunday.
Elijah Ponder,LB,Sep 28,Out,
Eric Gregory,DT,Sep 28,Out,
Efton Chism III,WR,Sep 28,Out,
Christian Gonzalez,CB,Sep 28,Out,Sep 20: Gonzalez (hamstring) has been ruled out for New England's matchup versus the Steelers on Sunday.
Layden Robinson,G,Feb 9,Injured Reserve,"Aug 27: Robinson (undisclosed) was reverted to IR by the Patriots on Wednesday, per the NFL's official transaction log."
Jahlani Tavai,LB,Oct 5,Injured Reserve,Aug 27: Tavai (undisclosed) was placed on injured reserve Tuesday.
Isaiah Iton,DT,Feb 9,Injured Reserve,"Aug 19: Iton (hip) reverted to New England's injured reserve list Tuesday, Aaron Wilson of KPRC 2 Houston reports."
Deneric Prince,RB,Feb 9,Injured Reserve,
Lan Larison,RB,Feb 9,Injured Reserve,"Aug 10: The Patriots placed Larison (foot) on injured reserve Sunday, Doug Kyed of the Boston Herald reports."
Marcellas Dial Jr.,CB,Feb 9,Injured Reserve,"Aug 5: The Patriots placed Dial (knee) on injured reserve Tuesday, Mike Reiss of ESPN.com reports."
Jaquelin Roy,DT,Feb 9,Injured Reserve,"Aug 5: The Patriots placed Roy (undisclosed) on injured reserve Tuesday, Mike Reiss of ESPN.com reports."
Yasir Durant,OT,Feb 9,Injured Reserve,"Jul 31: Durant (undisclosed) reverted to the Patriots' injured-reserve list Thursday, Doug Kyed of the Boston Herald reports."
Brock Lampe,FB,Feb 9,Injured Reserve,Jul 29: The Patriots placed Lampe on injured reserve Tuesday due to an undisclosed injury.
Taliese Fuaga,OT,Sep 28,Out,Sep 21: Fuaga (knee/back) is inactive for Sunday's game against the Seahawks.
Devin Neal,RB,Sep 28,Out,Sep 21: Neal (coach's decision) is inactive for Sunday's game against Seattle.
Trey Palmer,WR,Sep 28,Out,Sep 21: Palmer (hamstring) is inactive for Sunday's matchup against the Seahawks.
Devaughn Vele,WR,Sep 28,Out,Sep 21: Vele (hip) is inactive for Sunday's tilt against Seattle.
Chase Young,DE,Sep 28,Out,
Dillon Radunz,OT,Sep 28,Out,
Khristian Boyd,DT,Sep 28,Out,
Vernon Broughton,DT,Oct 19,Injured Reserve,Sep 17: The Saints placed Broughton (hip) on injured reserve Wednesday.
Julian Blackmon,S,Oct 12,Injured Reserve,"Sep 13: The Saints placed Blackmon (shoulder) on injured reserve Saturday, Matthew Paras of The New Orleans Times-Picayune reports."
Ja'Lynn Polk,WR,Feb 9,Injured Reserve,"Sep 13: The Patriots traded Polk (shoulder) and a 2028 seventh-round pick to the Saints for a 2027 sixth-round pick Saturday, Dianna Russini of The Athletic reports."
Barry Wesley,OT,Oct 5,Injured Reserve,"Aug 27: New Orleans placed Wesley (undisclosed) on its injured reserve list with a designation to return Tuesday, Ross Jackson of WWL Louisiana reports."
Landon Young,OT,Feb 9,Injured Reserve,"Aug 27: New Orleans placed Young (ankle) on its injured reserve list Tuesday, Ross Jackson of WWL Louisiana reports."
Foster Moreau,TE,Oct 5,Out,"Aug 26: The Saints placed Moreau (knee) on the reserve/PUP list Tuesday, Ross Jackson of WWL Louisiana reports."
Taysom Hill,TE,Oct 5,Out,"Aug 26: The Saints placed Hill (ACL) on the reserve/PUP list Tuesday, Nick Underhill of NewOrleans.Football reports."
John Ridgeway III,DT,Oct 5,Injured Reserve,"Aug 26: The Saints placed Ridgeway (pectoral) on injured reserve Tuesday, Katherine Terrell of ESPN.com reports."
Mason Pline,TE,Feb 9,Injured Reserve,"Aug 13: Pline (upper body) reverted to injured reserve with the Saints on Wednesday, Aaron Wilson of KPRC 2 Houston reports."
Bub Means,WR,Feb 9,Injured Reserve,"Aug 13: The Saints placed Means (lower leg) on the injured reserve list Wednesday, Ross Jackson of WWL Louisiana reports."
Will Clapp,C,Feb 9,Injured Reserve,"Aug 12: Clapp (foot) was placed on the Saints' injured reserve list Tuesday, Ross Jackson of WWL Louisiana reports."
Nick Saldiveri,OT,Feb 9,Injured Reserve,"Aug 3: Saldiveri (knee) was placed on injured reserve Saturday, Mike Triplett of NewOrleans.Football reports."
Anthony Johnson Jr.,S,Oct 5,Out,
Tyrone Tracy Jr.,RB,Sep 21,Questionable,"Sep 21: Tracy exited Sunday night's game against the Chiefs with a right shoulder injury and is questionable to return, Pat Leonard of the New York Daily News reports."
Graham Gano,PK,Sep 21,Questionable,"Sep 21: Gano has a groin injury and is questionable to return to Sunday's game against the Chiefs, Dan Duggan of The Athletic reports."
Demetrius Flannigan-Fowles,LB,Sep 28,Out,"Sep 21: Flannigan-Fowles (calf) is inactive for Sunday night's contest against the Chiefs, Dan Salomone of the Giants' official site reports."
Rakeem Nunez-Roches,DT,Sep 28,Out,"Sep 21: Nunez-Roches (foot) has been ruled out for Sunday's game against the Chiefs, Dan Salomone of the Giants' official site reports."
Chauncey Golston,DE,Sep 28,Out,"Sep 21: Golston (ankle) is inactive for Sunday night's contest against the Chiefs, Dan Salomone of the Giants' official site reports."
Jameis Winston,QB,Sep 28,Out,"Sep 21: Winston (coach's decision) is inactive but will serve as the Giants' emergency third quarterback against the Chiefs on Sunday, Dan Salomone of the Giants' official site reports."
Evan Neal,OT,Sep 28,Out,
Darius Muasau,LB,Sep 28,Out,
Thomas Fidone II,TE,Sep 28,Out,
Chris Board,LB,Oct 19,Injured Reserve,"Sep 16: The Giants placed Board (chest) on injured reserve Tuesday, Dan Salomone of the Giants' official site reports."
Micah McFadden,LB,Oct 9,Injured Reserve,Sep 11: The Giants placed McFadden (foot) on injured reserve Thursday.
Rico Payton,CB,Oct 5,Injured Reserve,"Aug 29: The Giants placed Payton (undisclosed) on their injured reserve list Friday, Dan Salomone and Matt Citak of the team's official site report."
Joshua Ezeudu,G,Oct 5,Injured Reserve,"Aug 27: Ezeudu (undisclosed) was placed on injured reserve with a designation to return Tuesday, Dan Salomone of the Giants' official website reports."
Da'Quan Felton,WR,Feb 9,Injured Reserve,"Aug 27: Felton (undisclosed) reverted to injured reserve with the Giants on Wednesday, per the NFL's official transaction log."
Victor Dimukeje,LB,Oct 5,Out,"Aug 26: Dimukeje (pectoral) was moved to the reserve/PUP list by the Giants on Tuesday, Dan Salomone of the team's official website reports."
Eric Gray,RB,Oct 5,Out,"Aug 26: Gray was moved to the reserve/PUP list by the Giants on Tuesday, Dan Salomone of the team's official website reports."
TJ Moore,CB,Feb 9,Injured Reserve,Aug 24: The Giants placed Moore (upper leg) on injured reserve Sunday.
Bryce Ford-Wheaton,WR,Feb 9,Injured Reserve,"Jul 28: The Giants placed Ford-Wheaton (Achilles) on injured reserve Monday, Dan Salomone of the team's official site reports."
Marcelino McCrary-Ball,LB,Sep 29,Questionable,"Sep 21: McCrary Ball is dealing with a hamstring injury in the wake of the Jets' 29-27 loss to the Buccaneers on Sunday, Rich Cimini of ESPN.com reports."
Sauce Gardner,CB,Sep 21,Questionable,Sep 21: Gardner is being evaluated for a head injury and is questionable to return.
Quincy Williams,LB,Sep 28,Questionable,Sep 21: Williams has been ruled out for the rest of Sunday's game against the Buccaneers due to a shoulder injury.
Jay Tufele,DT,Sep 29,Out,
Josh Reynolds,WR,Sep 29,Out,
Esa Pole,OT,Sep 29,Out,
Kene Nwangwu,RB,Sep 29,Out,
Jermaine Johnson,LB,Sep 29,Out,
Justin Fields,QB,Sep 29,Out,
Tony Adams,S,Sep 29,Out,Sep 20: Adams (hip) has been ruled out for Sunday's game against the Buccaneers.
Alijah Vera-Tucker,G,Feb 9,Injured Reserve,"Sep 6: Vera-Tucker (triceps) was placed on injured reserve Saturday, Rich Cimini of ESPN.com reports."
Ja'Markis Weston,DE,Oct 5,Injured Reserve,"Aug 27: The Jets placed Weston (undisclosed) on injured reserve Tuesday with a designation to return, Randy Lange and Eric Allen of the team's official site reports."
Byron Cowart,DT,Feb 9,Injured Reserve,"Aug 27: The Jets placed Cowart (ankle) on injured reserve Tuesday, Randy Lange and Eric Allen of the team's official site reports."
Irvin Charles,WR,Oct 5,Out,Aug 26: The Jets placed Charles (knee) on the reserve/PUP list Tuesday.
Kris Boyd,CB,Feb 9,Injured Reserve,Aug 18: The Jets placed Boyd (shoulder) on injured reserve Monday.
Gus Hartwig,C,Feb 9,Injured Reserve,"Jul 31: Hartwig (undisclosed) reverted to the Jets' injured-reserve list Wednesday, Aaron Wilson of KPRC 2 Houston reports."
Adoree' Jackson,CB,Sep 21,Questionable,Sep 21: Jackson is questionable to return to Sunday's game against the Rams due to a groin injury.
Darius Cooper,WR,Sep 28,Questionable,"Sep 21: Cooper has been ruled out for the rest of Sunday's game against the Rams due to a shoulder injury, Dave Zangaro of NBC Sports Philadelphia reports."
Lane Johnson,OT,Sep 21,Questionable,Sep 21: Johnson is questionable to return to Sunday's game against the Rams due to a neck injury.
Tanner McKee,QB,Sep 28,Out,"Sep 21: McKee (thumb) is inactive but is serving as the Eagles' emergency third quarterback Sunday against the Rams, Jeff McLane of The Philadelphia Inquirer reports."
Will Shipley,RB,Sep 28,Out,
Azeez Ojulari,LB,Sep 28,Out,
Ogbo Okoronkwo,DE,Sep 28,Out,
Drew Kendall,C,Sep 28,Out,
Patrick Johnson,LB,Sep 28,Out,
Kenyon Green,G,Sep 28,Out,
Cameron Williams,OT,Oct 9,Injured Reserve,Sep 13: The Eagles placed Williams (shoulder) on injured reserve Saturday.
Ben VanSumeren,FB,Oct 9,Injured Reserve,"Sep 5: VanSumeren was diagnosed with a torn patella tendon Friday, Adam Schefter of ESPN reports."
Willie Lampkin,C,Oct 5,Injured Reserve,Aug 29: The Eagles placed Lampkin (leg) on injured reserve Friday.
Myles Hinton,OT,Oct 5,Injured Reserve,Aug 27: Hinton (undisclosed) was placed on injured reserve Tuesday.
Nakobe Dean,LB,Oct 5,Out,Aug 26: Dean (knee) was moved to the reserve/PUP list Tuesday.
Johnny Wilson,WR,Feb 9,Injured Reserve,"Aug 22: The Eagles placed Wilson (knee) on injured reserve Friday, Jeff McLane of The Philadelphia Inquirer reports."
Joey Porter Jr.,CB,Sep 28,Out,
Andrus Peat,G,Sep 28,Out,
Esezi Otomewo,DE,Sep 28,Out,
Alex Highsmith,LB,Sep 28,Out,
DeShon Elliott,S,Sep 28,Out,
Max Scharping,G,Feb 9,Injured Reserve,"Sep 20: The Steelers placed Scharping (knee) on injured reserve Saturday, Teresa Varley of the team's official site reports."
Isaiahh Loudermilk,DT,Oct 26,Injured Reserve,"Sep 17: Loudermilk (ankle) was placed on injured reserve Wednesday, Teresa Varley of the Steelers' official site reports."
Malik Harrison,LB,Oct 16,Injured Reserve,"Sep 10: Harrison (knee) was placed on injured reserve Wednesday, Teresa Varley of the Steelers' official site reports."
Skylar Thompson,QB,Oct 16,Injured Reserve,"Sep 10: Thompson (hamstring) was placed on injured reserve Wednesday, Teresa Varley of the Steelers' official site reports."
Donte Kent,CB,Oct 12,Injured Reserve,"Aug 28: The Steelers placed Kent on injured reserve Thursday due to a foot injury, Teresa Varley of the team's official site reports."
Will Howard,QB,Oct 12,Injured Reserve,"Aug 28: The Steelers placed Howard (hand) on injured reserve Thursday, Teresa Varley of the team's official site reports."
Domenique Davis,DT,Feb 9,Injured Reserve,"Aug 27: Davis (undisclosed) reverted to injured reserve with the Steelers on Wednesday, Alan Saunders of SteelersNow.com reports."
Cory Trice Jr.,CB,Oct 5,Injured Reserve,"Aug 27: Trice (hamstring) was placed on injured reserve Tuesday, Teresa Varley of Steelers.com reports."
Gareth Warren,OT,Feb 9,Injured Reserve,"Aug 20: Warren (concussion) reverted to Pittsburgh's injured reserve Wednesday, Alan Saunders of SteelersNow.com reports."
Dean Lowry,DT,Feb 9,Injured Reserve,"Aug 3: Lowry was placed on injured reserve due to a knee injury Saturday, Ray Fittipaldo of the Pittsburgh Post-Gazette reports."
Jacob Slade,DT,Feb 9,Injured Reserve,
Donald Parham Jr.,TE,Feb 9,Injured Reserve,"Jun 5: Parham (Achilles) was placed on injured reserve by the Steelers on Thursday, Mike DeFabo of The Athletic reports."
Mac Jones,QB,Sep 28,Questionable,
Nick Bosa,DE,Sep 28,Questionable,"Sep 21: Bosa (knee) did not tear his ACL when he got injured during Sunday's 16-15 win over the Cardinals, Matt Barrows of The Athletic reports."
Jordan James,RB,Sep 28,Out,"Sep 21: James (coach's decision) is inactive for Sunday's game against the Cardinals, Briana Jeannel of the 49ers' official site reports."
Jordan Watkins,WR,Sep 28,Out,
Nick Martin,LB,Sep 28,Out,
Jordan Jefferson,DT,Sep 28,Out,
Brock Purdy,QB,Sep 28,Out,Sep 21: The 49ers downgraded Purdy (toe/shoulder) from questionable to out for Sunday's game against the Cardinals.
Jauan Jennings,WR,Sep 28,Out,Sep 21: The 49ers downgraded Jennings (ankle/shoulder) from questionable to out for Sunday's game against the Cardinals.
Spencer Burford,OT,Oct 19,Injured Reserve,Sep 21: Burford (knee) was placed on injured reserve Saturday.
Ben Bartch,G,Oct 19,Injured Reserve,"Sep 17: Bartch (ankle) was placed on injured reserve Wednesday, Noah Furtado of the San Francisco Chronicle reports."
Brandon Aiyuk,WR,Oct 2,Out,"Sep 17: Aiyuk (knee) did some running while his teammates were practicing Wednesday, Nick Wagoner of ESPN.com reports."
George Kittle,TE,Oct 12,Injured Reserve,Sep 9: The 49ers placed Kittle (hamstring) on injured reserve Tuesday.
Jakob Robinson,CB,Feb 9,Injured Reserve,Aug 27: Robinson (forearm) was placed on injured reserve Tuesday.
Jacob Cowing,WR,Oct 2,Injured Reserve,Aug 27: The 49ers placed Cowing (hamstring) on injured reserve Wednesday.
Kevin Givens,DT,Oct 2,Injured Reserve,Aug 26: Givens (pectoral) was placed on injured reserve Tuesday.
Malik Mustapha,S,Oct 2,Out,Aug 26: Mustapha (knee) was placed on the reserve/PUP list Tuesday.
Kurtis Rourke,QB,Oct 2,Out,Aug 26: Rourke (knee) was placed on the reserve/non-football injury list Tuesday.
Patrick Taylor Jr.,RB,Feb 9,Injured Reserve,"Aug 19: Taylor will undergo season-ending surgery to repair a fracture in his shoulder, Nick Wagoner of ESPN.com reports."
Tarron Jackson,DE,Feb 9,Injured Reserve,"Jul 29: Jackson (undisclosed) was discharged from the hospital and returned to the 49ers' training camp Monday, Matt Maiocco of NBC Sports Bay Area reports."
Trent Taylor,WR,Feb 9,Injured Reserve,Jun 3: The 49ers placed Taylor (undisclosed) on injured reserve Tuesday.
Tre Tomlinson,CB,Feb 9,Injured Reserve,"May 13: Tomlinson (undisclosed) reverted to the 49ers' injured reserve Tuesday, per the NFL's transaction log."
Devon Witherspoon,CB,Sep 25,Out,Sep 21: Witherspoon (knee) is inactive for Sunday's game against the Saints.
Nick Emmanwori,S,Sep 25,Out,Sep 21: Emmanwori (ankle) is inactive for Sunday's game against New Orleans.
Julian Love,S,Sep 25,Out,Sep 21: Love (hamstring) is inactive for Sunday's game against the Saints.
Zach Charbonnet,RB,Sep 25,Out,Sep 21: Charbonnet (foot) is inactive for Sunday's game versus the Saints.
Mason Richman,G,Sep 25,Out,
Connor O'Toole,LB,Sep 25,Out,
Nick Kallerup,TE,Sep 25,Out,
Christian Haynes,G,Oct 5,Injured Reserve,"Aug 27: Haynes (pectoral) was placed on injured reserve with a designation to return Tuesday, John Boyle of the Seahawks' official website reports."
Rylie Mills,DT,Oct 5,Out,"Aug 27: Mills (knee) was moved to the reserve/non-football injury list Tuesday, John Boyle of the Seahawks' official site reports."
Johnathan Hankins,DT,Oct 5,Out,"Aug 27: Hankins (back) was moved to the reserve/non-football injury list Tuesday, John Boyle of the Seahawks' official site reports."
AJ Finley,S,Feb 9,Injured Reserve,"Aug 4: The Seahawks placed Finley (knee) on injured reserve Monday, Corbin K. Smith of SI.com reports."
Kenny McIntosh,RB,Feb 9,Injured Reserve,"Jul 28: The Seahawks placed McIntosh (knee) on injured reserve Monday, Curtis Crabtree of Fox 13 Seattle reports."
Mike Evans,WR,Sep 28,Questionable,Sep 21: Evans (hamstring) won't return to Sunday's contest versus the Jets.
Christian Izien,S,Sep 28,Questionable,Sep 21: Izien has been ruled out for the rest of Sunday's game against the Jets due to a quadriceps injury.
Logan Hall,DE,Sep 21,Questionable,"Sep 21: Hall is questionable to return to Sunday's Week 3 game against the Jets due to a groin injury, Brianna Dix of the Buccaneers' official site reports."
Tristan Wirfs,OT,Sep 28,Out,
Rashad Wisdom,S,Sep 28,Out,
Josh Williams,RB,Sep 28,Out,
Kindle Vildor,CB,Sep 28,Out,
Chris Godwin Jr.,WR,Sep 28,Out,
Devin Culp,TE,Sep 28,Out,
Calijah Kancey,DT,Jan 17,Injured Reserve,"Sep 21: Kancey (pectoral) is expected to miss the rest of the regular season but could return for the playoffs if the Buccaneers advance to at least the divisional round, Bobby Kownack of NFL.com reports."
Luke Goedeke,OT,Oct 20,Injured Reserve,Sep 18: The Bucs placed Goedeke (foot) on injured reserve Thursday.
Cody Mauch,G,Feb 9,Injured Reserve,Sep 18: Tampa Bay placed Mauch (knee) on injured reserve Thursday.
Jaden Smith,WR,Feb 9,Injured Reserve,"Aug 27: Smith (undisclosed) reverted to injured reserve Wednesday, per the NFL's transaction log."
Jalen McMillan,WR,Oct 5,Injured Reserve,"Aug 26: The Buccaneers placed McMillan (neck) on injured reserve with a designation to return Tuesday, Scott Smith of the team's official site reports."
JJ Roberts,S,Feb 9,Injured Reserve,"Aug 18: Tampa Bay placed Roberts (knee) on injured reserve Monday, Scott Smith of the team's official website reports."
David Walker,LB,Feb 9,Injured Reserve,"Aug 2: The Buccaneers placed Walker (knee) on injured reserve Saturday, Adam Schefter of ESPN reports."
Kevin Zeitler,G,Sep 28,Out,"Sep 21: Zeitler is inactive for Sunday's game against the Colts due to a biceps injury, Jim Wyatt of the Titans' official site reports."
Bryce Oliver,WR,Sep 28,Out,"Sep 21: Oliver (knee) is inactive for Sunday's game against the Colts, Jim Wyatt of the Titans' official site reports."
Jarvis Brownlee Jr.,CB,Sep 28,Out,"Sep 21: Brownlee (ankle) is inactive for Sunday's game against the Colts, Jim Wyatt of the Titans' official site reports."
Kevin Winston Jr.,S,Sep 28,Out,
Samuel Womack III,CB,Sep 28,Out,
James Williams Sr.,LB,Sep 28,Out,
JC Latham,OT,Sep 28,Out,
T'Vondre Sweat,DT,Oct 19,Injured Reserve,"Sep 20: The Titans placed Sweat (ankle) on injured reserve Saturday, Jim Wyatt of the team's official site reports."
Tyjae Spears,RB,Oct 5,Injured Reserve,Aug 26: The Titans officially placed Spears (ankle) on the injured reserve/designated for return list Tuesday.
Anfernee Orji,LB,Feb 9,Injured Reserve,"Aug 13: Orji (knee) reverted to injured reserve with the Titans on Wednesday, per the NFL's official transaction log."
Treylon Burks,WR,Feb 9,Injured Reserve,"Jul 29: Burks (collarbone) reverted to the Titans' injured reserve Tuesday, Mike Garafolo of NFL Network reports."
Will Levis,QB,Feb 9,Injured Reserve,"Jul 23: Levis (shoulder) was placed on IR by the Titans on Wednesday, Jim Wyatt of the team's official site reports."
Will Harris,S,Sep 28,Doubtful,"Sep 21: Harris suffered a fractured fibula in Sunday's 41-24 win over the Raiders, Ian Rapoport of NFL Network reports."
Marshon Lattimore,CB,Sep 21,Questionable,Sep 21: Lattimore (head) is being evaluated for a concussion and is questionable to return to Sunday's game against the Raiders.
Trey Amos,CB,Sep 21,Questionable,Sep 21: Amos is questionable to return to Sunday's game against the Raiders due to a calf injury.
Percy Butler,S,Sep 21,Questionable,Sep 21: Butler is questionable to return to Sunday's game against the Raiders due to a hip injury.
Terry McLaurin,WR,Sep 21,Questionable,Sep 21: McLaurin exited Sunday's game against the Raiders with a quadriceps injury.
Preston Smith,LB,Sep 28,Out,Sep 21: Smith (coach's decision) is inactive for Sunday's game against the Raiders.
Jayden Daniels,QB,Sep 28,Out,"Sep 21: Daniels (knee), who is inactive for Sunday's game against the Raiders, is comfortable throwing and running straight forward, but his struggles with moving laterally was the main factor in Washington's decision to rule him out for Week 3, Jay Glazer reported on ""Fox NFL Sunday."""
Kain Medrano,LB,Sep 28,Out,
Brandon Coleman,OT,Sep 28,Out,
Noah Brown,WR,Sep 28,Out,
John Bates,TE,Sep 28,Out,
Jonathan Jones,CB,Oct 19,Injured Reserve,Sep 17: Jones (hamstring) was placed on injured reserve Wednesday.
Deatrich Wise Jr.,DE,Feb 9,Injured Reserve,Sep 15: Washington placed Wise (quadriceps) on injured reserve Monday.
Austin Ekeler,RB,Feb 9,Injured Reserve,Sep 15: The Commanders officially placed Ekeler (Achilles) on injured reserve Monday.
Lucas Niang,OT,Feb 9,Injured Reserve,Aug 11: Niang (knee) was placed on injured reserve Monday.
Sam Cosmi,G,Oct 5,Out,"Aug 4: Head coach Dan Quinn said Monday that a Week 1 return is ""still on the table"" for Cosmi (knee), John Keim of ESPN.com reports."
Tyree Jackson,TE,Feb 9,Injured Reserve,Aug 2: The Commanders placed Jackson (undisclosed) on injured reserve Saturday.
